"methode","chemin","fichier_routeur","fonction","tags","authentification_permissions_detectees","dependances_noms","remarque","nb_fichiers_test_citant_le_chemin","fichiers_test_exemples","etat_verification"
"POST","/a2a/{org_id}","api/routers/a2a.py","a2a_jsonrpc","A2A","clé API; require_organization_api_key","_check;a2a_jsonrpc;get_db;require_organization_api_key","","4","tests/test_a2a_idor.py;tests/test_a2a_router.py;tests/test_no_unhandled_errors_sweep.py;tests/test_staging_full_idor.py","TEST PRÉSENT MAIS NON EXÉCUTÉ dans cet audit (liaison par chemin littéral, heuristique)"
"GET","/a2a/{org_id}/.well-known/agent-card.json","api/routers/a2a.py","get_agent_card","A2A","clé API; require_organization_api_key","_check;get_agent_card;get_db;require_organization_api_key","","4","tests/test_a2a_idor.py;tests/test_a2a_router.py;tests/test_no_unhandled_errors_sweep.py;tests/test_staging_full_idor.py","TEST PRÉSENT MAIS NON EXÉCUTÉ dans cet audit (liaison par chemin littéral, heuristique)"
"DELETE","/ab-tests/{test_id}","api/routers/ab_tests.py","delete_ab_test_endpoint","ab-tests","require_ab_test_admin; utilisateur connecté",";delete_ab_test_endpoint;get_current_user;get_current_user_any_consent_status;get_db;require_ab_test_admin","","6","tests/backend/ab-tests/test_ab_tests_advanced.py;tests/backend/ab-tests/test_assignments.py;tests/backend/ab-tests/test_decisions.py;tests/backend/ab-tests/test_statistics.py","TEST PRÉSENT MAIS NON EXÉCUTÉ dans cet audit (liaison par chemin littéral, heuristique)"
"GET","/ab-tests/{test_id}","api/routers/ab_tests.py","get_ab_test_endpoint","ab-tests","require_ab_test_member; utilisateur connecté",";get_ab_test_endpoint;get_current_user;get_current_user_any_consent_status;get_db;require_ab_test_member","","6","tests/backend/ab-tests/test_ab_tests_advanced.py;tests/backend/ab-tests/test_assignments.py;tests/backend/ab-tests/test_decisions.py;tests/backend/ab-tests/test_statistics.py","TEST PRÉSENT MAIS NON EXÉCUTÉ dans cet audit (liaison par chemin littéral, heuristique)"
"PATCH","/ab-tests/{test_id}","api/routers/ab_tests.py","update_ab_test_endpoint","ab-tests","require_ab_test_admin; utilisateur connecté",";get_current_user;get_current_user_any_consent_status;get_db;require_ab_test_admin;update_ab_test_endpoint","","6","tests/backend/ab-tests/test_ab_tests_advanced.py;tests/backend/ab-tests/test_assignments.py;tests/backend/ab-tests/test_decisions.py;tests/backend/ab-tests/test_statistics.py","TEST PRÉSENT MAIS NON EXÉCUTÉ dans cet audit (liaison par chemin littéral, heuristique)"
"GET","/ab-tests/{test_id}/assignments","api/routers/ab_tests.py","list_ab_test_assignments_endpoint","ab-tests","require_ab_test_admin; utilisateur connecté",";get_current_user;get_current_user_any_consent_status;get_db;list_ab_test_assignments_endpoint;require_ab_test_admin","","1","tests/backend/ab-tests/test_assignments.py","TEST PRÉSENT MAIS NON EXÉCUTÉ dans cet audit (liaison par chemin littéral, heuristique)"
"POST","/ab-tests/{test_id}/complete","api/routers/ab_tests.py","complete_ab_test_endpoint","ab-tests","require_ab_test_admin; utilisateur connecté",";complete_ab_test_endpoint;get_current_user;get_current_user_any_consent_status;get_db;require_ab_test_admin","","0","","AUCUN TEST TROUVÉ PAR L'HEURISTIQUE"
"POST","/ab-tests/{test_id}/decide","api/routers/ab_tests.py","decide_ab_test_winner_endpoint","ab-tests","require_ab_test_admin; utilisateur connecté",";decide_ab_test_winner_endpoint;get_current_user;get_current_user_any_consent_status;get_db;require_ab_test_admin","","1","tests/backend/ab-tests/test_decisions.py","TEST PRÉSENT MAIS NON EXÉCUTÉ dans cet audit (liaison par chemin littéral, heuristique)"
"GET","/ab-tests/{test_id}/export","api/routers/ab_tests.py","export_ab_test_endpoint","ab-tests","require_ab_test_admin; utilisateur connecté",";export_ab_test_endpoint;get_current_user;get_current_user_any_consent_status;get_db;require_ab_test_admin","","1","tests/backend/ab-tests/test_statistics.py","TEST PRÉSENT MAIS NON EXÉCUTÉ dans cet audit (liaison par chemin littéral, heuristique)"
"POST","/ab-tests/{test_id}/pause","api/routers/ab_tests.py","pause_ab_test_endpoint","ab-tests","require_ab_test_admin; utilisateur connecté",";get_current_user;get_current_user_any_consent_status;get_db;pause_ab_test_endpoint;require_ab_test_admin","","1","tests/backend/ab-tests/test_ab_tests_advanced.py","TEST PRÉSENT MAIS NON EXÉCUTÉ dans cet audit (liaison par chemin littéral, heuristique)"
"GET","/ab-tests/{test_id}/results","api/routers/ab_tests.py","get_ab_test_results_endpoint","ab-tests","require_ab_test_member; utilisateur connecté",";get_ab_test_results_endpoint;get_current_user;get_current_user_any_consent_status;get_db;require_ab_test_member","","2","tests/backend/ab-tests/test_statistics.py;tests/test_ab_tests_endpoints.py","TEST PRÉSENT MAIS NON EXÉCUTÉ dans cet audit (liaison par chemin littéral, heuristique)"
"POST","/ab-tests/{test_id}/resume","api/routers/ab_tests.py","resume_ab_test_endpoint","ab-tests","require_ab_test_admin; utilisateur connecté",";get_current_user;get_current_user_any_consent_status;get_db;require_ab_test_admin;resume_ab_test_endpoint","","1","tests/backend/ab-tests/test_ab_tests_advanced.py","TEST PRÉSENT MAIS NON EXÉCUTÉ dans cet audit (liaison par chemin littéral, heuristique)"
"POST","/ab-tests/{test_id}/start","api/routers/ab_tests.py","start_ab_test_endpoint","ab-tests","require_ab_test_admin; utilisateur connecté",";get_current_user;get_current_user_any_consent_status;get_db;require_ab_test_admin;start_ab_test_endpoint","","5","tests/backend/ab-tests/test_ab_tests_advanced.py;tests/backend/ab-tests/test_assignments.py;tests/backend/ab-tests/test_decisions.py;tests/backend/ab-tests/test_statistics.py","TEST PRÉSENT MAIS NON EXÉCUTÉ dans cet audit (liaison par chemin littéral, heuristique)"
"GET","/ab-tests/{test_id}/statistics","api/routers/ab_tests.py","get_ab_test_statistics_endpoint","ab-tests","require_ab_test_member; utilisateur connecté",";get_ab_test_statistics_endpoint;get_current_user;get_current_user_any_consent_status;get_db;require_ab_test_member","","1","tests/backend/ab-tests/test_statistics.py","TEST PRÉSENT MAIS NON EXÉCUTÉ dans cet audit (liaison par chemin littéral, heuristique)"
"POST","/ab-tests/{test_id}/track","api/routers/ab_tests.py","track_ab_test_metric_endpoint","ab-tests","require_ab_test_admin; utilisateur connecté",";get_current_user;get_current_user_any_consent_status;get_db;require_ab_test_admin;track_ab_test_metric_endpoint","","3","tests/backend/ab-tests/test_decisions.py;tests/backend/ab-tests/test_statistics.py;tests/test_ab_tests_endpoints.py","TEST PRÉSENT MAIS NON EXÉCUTÉ dans cet audit (liaison par chemin littéral, heuristique)"
"POST","/ab-tests/{test_id}/variants/choose","api/routers/ab_tests.py","choose_ab_test_winner_endpoint","ab-tests","require_ab_test_admin; utilisateur connecté",";choose_ab_test_winner_endpoint;get_current_user;get_current_user_any_consent_status;get_db;require_ab_test_admin","","2","tests/backend/ab-tests/test_decisions.py;tests/test_ab_tests_endpoints.py","TEST PRÉSENT MAIS NON EXÉCUTÉ dans cet audit (liaison par chemin littéral, heuristique)"
"GET","/account/audit-logs","api/routers/audit.py","get_my_audit_logs","audit","utilisateur connecté",";get_current_user;get_current_user_any_consent_status;get_db;get_my_audit_logs","","1","tests/test_audit_log.py","TEST PRÉSENT MAIS NON EXÉCUTÉ dans cet audit (liaison par chemin littéral, heuristique)"
"POST","/account/avatar","api/routers/account.py","upload_avatar_route","account","utilisateur connecté",";get_current_user;get_current_user_any_consent_status;get_db;upload_avatar_route","","3","tests/test_auth_api.py;tests/test_avatar_storage_integration.py;tests/test_e2e_lifecycle.py","TEST PRÉSENT MAIS NON EXÉCUTÉ dans cet audit (liaison par chemin littéral, heuristique)"
"POST","/account/change-password","api/routers/account.py","change_password","account","utilisateur connecté",";change_password;get_current_user;get_current_user_any_consent_status;get_db","","2","tests/test_auth_api.py;tests/test_notifications.py","TEST PRÉSENT MAIS NON EXÉCUTÉ dans cet audit (liaison par chemin littéral, heuristique)"
"POST","/account/consent/accept-updated-terms","api/routers/account.py","accept_updated_terms","account","AUCUNE DÉPENDANCE D'AUTH DÉTECTÉE (public ou auth interne à vérifier)",";accept_updated_terms;get_current_user_any_consent_status;get_db","","1","tests/test_auth_api.py","TEST PRÉSENT MAIS NON EXÉCUTÉ dans cet audit (liaison par chemin littéral, heuristique)"
"POST","/account/consent/reactivate/confirm","api/routers/account.py","confirm_consent_reactivation","account","AUCUNE DÉPENDANCE D'AUTH DÉTECTÉE (public ou auth interne à vérifier)","confirm_consent_reactivation;get_db","","2","tests/test_auth_api.py;tests/test_no_unhandled_errors_sweep.py","TEST PRÉSENT MAIS NON EXÉCUTÉ dans cet audit (liaison par chemin littéral, heuristique)"
"POST","/account/consent/reactivate/request","api/routers/account.py","request_consent_reactivation","account","AUCUNE DÉPENDANCE D'AUTH DÉTECTÉE (public ou auth interne à vérifier)","get_db;request_consent_reactivation","","3","tests/test_auth_api.py;tests/test_no_unhandled_errors_sweep.py;tests/test_rate_limiting_integration.py","TEST PRÉSENT MAIS NON EXÉCUTÉ dans cet audit (liaison par chemin littéral, heuristique)"
"POST","/account/consent/withdraw","api/routers/account.py","withdraw_consent","account","AUCUNE DÉPENDANCE D'AUTH DÉTECTÉE (public ou auth interne à vérifier)",";get_current_user_any_consent_status;get_db;withdraw_consent","","2","tests/test_auth_api.py;tests/test_rate_limiting_integration.py","TEST PRÉSENT MAIS NON EXÉCUTÉ dans cet audit (liaison par chemin littéral, heuristique)"
"GET","/account/export","api/routers/account.py","export_account_data","account","AUCUNE DÉPENDANCE D'AUTH DÉTECTÉE (public ou auth interne à vérifier)",";export_account_data;get_current_user_any_consent_status;get_db","","1","tests/test_auth_api.py","TEST PRÉSENT MAIS NON EXÉCUTÉ dans cet audit (liaison par chemin littéral, heuristique)"
"GET","/account/export-csv","api/routers/account.py","export_account_data_csv","account","AUCUNE DÉPENDANCE D'AUTH DÉTECTÉE (public ou auth interne à vérifier)",";export_account_data_csv;get_current_user_any_consent_status;get_db","","1","tests/test_auth_api.py","TEST PRÉSENT MAIS NON EXÉCUTÉ dans cet audit (liaison par chemin littéral, heuristique)"
"DELETE","/account/me","api/routers/account.py","delete_account","account","AUCUNE DÉPENDANCE D'AUTH DÉTECTÉE (public ou auth interne à vérifier)",";delete_account;get_current_user_any_consent_status;get_db","","8","tests/test_auth_api.py;tests/test_avatar_storage_integration.py;tests/test_compliance.py;tests/test_e2e_lifecycle.py","TEST PRÉSENT MAIS NON EXÉCUTÉ dans cet audit (liaison par chemin littéral, heuristique)"
"GET","/account/me","api/routers/account.py","get_profile","account","AUCUNE DÉPENDANCE D'AUTH DÉTECTÉE (public ou auth interne à vérifier)",";get_current_user_any_consent_status;get_db;get_profile","","8","tests/test_auth_api.py;tests/test_avatar_storage_integration.py;tests/test_compliance.py;tests/test_e2e_lifecycle.py","TEST PRÉSENT MAIS NON EXÉCUTÉ dans cet audit (liaison par chemin littéral, heuristique)"
"PATCH","/account/preferences","api/routers/account.py","update_preferences","account","utilisateur connecté",";get_current_user;get_current_user_any_consent_status;get_db;update_preferences","","2","tests/test_auth_api.py;tests/test_e2e_lifecycle.py","TEST PRÉSENT MAIS NON EXÉCUTÉ dans cet audit (liaison par chemin littéral, heuristique)"
"PATCH","/account/profile","api/routers/account.py","update_profile","account","utilisateur connecté",";get_current_user;get_current_user_any_consent_status;get_db;update_profile","","1","tests/test_auth_api.py","TEST PRÉSENT MAIS NON EXÉCUTÉ dans cet audit (liaison par chemin littéral, heuristique)"
"POST","/account/restore/confirm","api/routers/account.py","confirm_account_restore","account","AUCUNE DÉPENDANCE D'AUTH DÉTECTÉE (public ou auth interne à vérifier)","confirm_account_restore;get_db","","2","tests/test_auth_api.py;tests/test_no_unhandled_errors_sweep.py","TEST PRÉSENT MAIS NON EXÉCUTÉ dans cet audit (liaison par chemin littéral, heuristique)"
"POST","/account/restore/request","api/routers/account.py","request_account_restore","account","AUCUNE DÉPENDANCE D'AUTH DÉTECTÉE (public ou auth interne à vérifier)","get_db;request_account_restore","","3","tests/test_auth_api.py;tests/test_no_unhandled_errors_sweep.py;tests/test_rate_limiting_integration.py","TEST PRÉSENT MAIS NON EXÉCUTÉ dans cet audit (liaison par chemin littéral, heuristique)"
"POST","/account/set-password","api/routers/account.py","set_password","account","utilisateur connecté",";get_current_user;get_current_user_any_consent_status;get_db;set_password","","1","tests/test_auth_api.py","TEST PRÉSENT MAIS NON EXÉCUTÉ dans cet audit (liaison par chemin littéral, heuristique)"
"GET","/admin/activity","api/routers/admin_dashboard.py","get_recent_activity_endpoint","Admin Dashboard","ADMIN plateforme; utilisateur connecté",";get_current_user;get_current_user_any_consent_status;get_db;get_recent_activity_endpoint;require_admin","","0","","AUCUN TEST TROUVÉ PAR L'HEURISTIQUE"
"GET","/admin/alerts","api/routers/admin_dashboard.py","get_admin_alerts_endpoint","Admin Dashboard","ADMIN plateforme; utilisateur connecté",";get_admin_alerts_endpoint;get_current_user;get_current_user_any_consent_status;get_db;require_admin","","0","","AUCUN TEST TROUVÉ PAR L'HEURISTIQUE"
"GET","/admin/audit-logs","api/routers/audit.py","get_all_audit_logs","audit","ADMIN plateforme; utilisateur connecté",";get_all_audit_logs;get_current_user;get_current_user_any_consent_status;get_db;require_admin","","5","tests/test_audit_log.py;tests/test_auth_api.py;tests/test_p1_decisions_v2_v5.py;tests/test_p1_r7_org_audit_redaction.py","TEST PRÉSENT MAIS NON EXÉCUTÉ dans cet audit (liaison par chemin littéral, heuristique)"
"GET","/admin/audit-logs/verify-integrity","api/routers/audit.py","verify_audit_logs_integrity","audit","ADMIN plateforme; utilisateur connecté",";get_current_user;get_current_user_any_consent_status;get_db;require_admin;verify_audit_logs_integrity","","0","","AUCUN TEST TROUVÉ PAR L'HEURISTIQUE"
"GET","/admin/failed-logins","api/routers/audit.py","get_failed_login_stats","audit","ADMIN plateforme; utilisateur connecté",";get_current_user;get_current_user_any_consent_status;get_db;get_failed_login_stats;require_admin","","1","tests/test_audit_log.py","TEST PRÉSENT MAIS NON EXÉCUTÉ dans cet audit (liaison par chemin littéral, heuristique)"
"GET","/admin/jwt-keys","api/routers/audit.py","list_jwt_signing_keys","audit","ADMIN plateforme; utilisateur connecté",";get_current_user;get_current_user_any_consent_status;get_db;list_jwt_signing_keys;require_admin","","1","tests/test_audit_log.py","TEST PRÉSENT MAIS NON EXÉCUTÉ dans cet audit (liaison par chemin littéral, heuristique)"
"GET","/admin/logs","api/routers/admin_dashboard.py","list_logs_endpoint","Admin Dashboard","ADMIN plateforme; utilisateur connecté",";get_current_user;get_current_user_any_consent_status;get_db;list_logs_endpoint;require_admin","","1","tests/test_admin_dashboard.py","TEST PRÉSENT MAIS NON EXÉCUTÉ dans cet audit (liaison par chemin littéral, heuristique)"
"GET","/admin/logs/export","api/routers/admin_dashboard.py","export_logs_endpoint","Admin Dashboard","ADMIN plateforme; utilisateur connecté",";export_logs_endpoint;get_current_user;get_current_user_any_consent_status;get_db;require_admin","","0","","AUCUN TEST TROUVÉ PAR L'HEURISTIQUE"
"GET","/admin/logs/levels","api/routers/admin_dashboard.py","get_log_levels_endpoint","Admin Dashboard","ADMIN plateforme; utilisateur connecté",";get_current_user;get_current_user_any_consent_status;get_db;get_log_levels_endpoint;require_admin","","0","","AUCUN TEST TROUVÉ PAR L'HEURISTIQUE"
"DELETE","/admin/logs/purge","api/routers/admin_dashboard.py","purge_logs_endpoint","Admin Dashboard","SUPERADMIN; utilisateur connecté",";get_current_user;get_current_user_any_consent_status;get_db;purge_logs_endpoint;require_superadmin","","1","tests/test_admin_dashboard.py","TEST PRÉSENT MAIS NON EXÉCUTÉ dans cet audit (liaison par chemin littéral, heuristique)"
"GET","/admin/logs/sources","api/routers/admin_dashboard.py","get_log_sources_endpoint","Admin Dashboard","ADMIN plateforme; utilisateur connecté",";get_current_user;get_current_user_any_consent_status;get_db;get_log_sources_endpoint;require_admin","","0","","AUCUN TEST TROUVÉ PAR L'HEURISTIQUE"
"GET","/admin/logs/stats","api/routers/admin_dashboard.py","get_logs_stats_endpoint","Admin Dashboard","ADMIN plateforme; utilisateur connecté",";get_current_user;get_current_user_any_consent_status;get_db;get_logs_stats_endpoint;require_admin","","1","tests/test_admin_dashboard.py","TEST PRÉSENT MAIS NON EXÉCUTÉ dans cet audit (liaison par chemin littéral, heuristique)"
"GET","/admin/logs/{log_id}","api/routers/admin_dashboard.py","get_log_endpoint","Admin Dashboard","ADMIN plateforme; utilisateur connecté",";get_current_user;get_current_user_any_consent_status;get_db;get_log_endpoint;require_admin","","0","","AUCUN TEST TROUVÉ PAR L'HEURISTIQUE"
"GET","/admin/monitoring/health","api/routers/admin_dashboard.py","get_monitoring_health_endpoint","Admin Dashboard","ADMIN plateforme; utilisateur connecté",";get_current_user;get_current_user_any_consent_status;get_db;get_monitoring_health_endpoint;require_admin","","1","tests/test_admin_dashboard.py","TEST PRÉSENT MAIS NON EXÉCUTÉ dans cet audit (liaison par chemin littéral, heuristique)"
"GET","/admin/monitoring/queues","api/routers/admin_dashboard.py","get_monitoring_queues_endpoint","Admin Dashboard","ADMIN plateforme; utilisateur connecté",";get_current_user;get_current_user_any_consent_status;get_db;get_monitoring_queues_endpoint;require_admin","","0","","AUCUN TEST TROUVÉ PAR L'HEURISTIQUE"
"GET","/admin/monitoring/resources","api/routers/admin_dashboard.py","get_monitoring_resources_endpoint","Admin Dashboard","ADMIN plateforme; utilisateur connecté",";get_current_user;get_current_user_any_consent_status;get_db;get_monitoring_resources_endpoint;require_admin","","1","tests/test_admin_dashboard.py","TEST PRÉSENT MAIS NON EXÉCUTÉ dans cet audit (liaison par chemin littéral, heuristique)"
"GET","/admin/organizations","api/routers/admin_organizations.py","list_organizations_endpoint","Admin Organizations","ADMIN plateforme; utilisateur connecté",";get_current_user;get_current_user_any_consent_status;get_db;list_organizations_endpoint;require_admin","","8","tests/test_admin_organizations.py;tests/test_admin_subscriptions.py;tests/test_p1_backoffice_and_suspension.py;tests/test_p1_bill002_invoice_state_machine.py","TEST PRÉSENT MAIS NON EXÉCUTÉ dans cet audit (liaison par chemin littéral, heuristique)"
"DELETE","/admin/organizations/{org_id}","api/routers/admin_organizations.py","delete_organization_endpoint","Admin Organizations","SUPERADMIN; utilisateur connecté",";delete_organization_endpoint;get_current_user;get_current_user_any_consent_status;get_db;require_superadmin","","8","tests/test_admin_organizations.py;tests/test_admin_subscriptions.py;tests/test_p1_backoffice_and_suspension.py;tests/test_p1_bill002_invoice_state_machine.py","TEST PRÉSENT MAIS NON EXÉCUTÉ dans cet audit (liaison par chemin littéral, heuristique)"
"GET","/admin/organizations/{org_id}","api/routers/admin_organizations.py","get_organization_endpoint","Admin Organizations","ADMIN plateforme; utilisateur connecté",";get_current_user;get_current_user_any_consent_status;get_db;get_organization_endpoint;require_admin","","8","tests/test_admin_organizations.py;tests/test_admin_subscriptions.py;tests/test_p1_backoffice_and_suspension.py;tests/test_p1_bill002_invoice_state_machine.py","TEST PRÉSENT MAIS NON EXÉCUTÉ dans cet audit (liaison par chemin littéral, heuristique)"
"PATCH","/admin/organizations/{org_id}","api/routers/admin_organizations.py","update_organization_endpoint","Admin Organizations","ADMIN plateforme; utilisateur connecté",";get_current_user;get_current_user_any_consent_status;get_db;require_admin;update_organization_endpoint","","8","tests/test_admin_organizations.py;tests/test_admin_subscriptions.py;tests/test_p1_backoffice_and_suspension.py;tests/test_p1_bill002_invoice_state_machine.py","TEST PRÉSENT MAIS NON EXÉCUTÉ dans cet audit (liaison par chemin littéral, heuristique)"
"POST","/admin/organizations/{org_id}/activate","api/routers/admin_organizations.py","activate_organization_endpoint","Admin Organizations","SUPERADMIN; utilisateur connecté",";activate_organization_endpoint;get_current_user;get_current_user_any_consent_status;get_db;require_superadmin","","2","tests/test_admin_organizations.py;tests/test_p1_backoffice_and_suspension.py","TEST PRÉSENT MAIS NON EXÉCUTÉ dans cet audit (liaison par chemin littéral, heuristique)"
"GET","/admin/organizations/{org_id}/activity","api/routers/admin_organizations.py","get_organization_activity_endpoint","Admin Organizations","ADMIN plateforme; utilisateur connecté",";get_current_user;get_current_user_any_consent_status;get_db;get_organization_activity_endpoint;require_admin","","1","tests/test_admin_organizations.py","TEST PRÉSENT MAIS NON EXÉCUTÉ dans cet audit (liaison par chemin littéral, heuristique)"
"GET","/admin/organizations/{org_id}/billing","api/routers/admin_organizations.py","get_organization_billing_endpoint","Admin Organizations","ADMIN plateforme; utilisateur connecté",";get_current_user;get_current_user_any_consent_status;get_db;get_organization_billing_endpoint;require_admin","","2","tests/test_admin_organizations.py;tests/test_admin_subscriptions.py","TEST PRÉSENT MAIS NON EXÉCUTÉ dans cet audit (liaison par chemin littéral, heuristique)"
"POST","/admin/organizations/{org_id}/invoices/{invoice_id}/mark-paid","api/routers/admin_subscriptions.py","admin_mark_invoice_paid_endpoint","Admin Subscriptions","SUPERADMIN; utilisateur connecté",";admin_mark_invoice_paid_endpoint;get_current_user;get_current_user_any_consent_status;get_db;require_superadmin","","5","tests/test_p1_bill002_invoice_state_machine.py;tests/test_p1_billing_integrity.py;tests/test_p1_r2_invoice_proof_and_rules.py;tests/test_p1_r7_org_audit_redaction.py","TEST PRÉSENT MAIS NON EXÉCUTÉ dans cet audit (liaison par chemin littéral, heuristique)"
"POST","/admin/organizations/{org_id}/invoices/{invoice_id}/void","api/routers/admin_subscriptions.py","admin_void_invoice_endpoint","Admin Subscriptions","SUPERADMIN; utilisateur connecté",";admin_void_invoice_endpoint;get_current_user;get_current_user_any_consent_status;get_db;require_superadmin","","4","tests/test_p1_bill002_invoice_state_machine.py;tests/test_p1_r2_invoice_proof_and_rules.py;tests/test_p1_r7_org_audit_redaction.py;tests/test_p1_sadm005_route_audit.py","TEST PRÉSENT MAIS NON EXÉCUTÉ dans cet audit (liaison par chemin littéral, heuristique)"
"GET","/admin/organizations/{org_id}/members","api/routers/admin_organizations.py","get_organization_members_endpoint","Admin Organizations","ADMIN plateforme; utilisateur connecté",";get_current_user;get_current_user_any_consent_status;get_db;get_organization_members_endpoint;require_admin","","1","tests/test_admin_organizations.py","TEST PRÉSENT MAIS NON EXÉCUTÉ dans cet audit (liaison par chemin littéral, heuristique)"
"POST","/admin/organizations/{org_id}/suspend","api/routers/admin_organizations.py","suspend_organization_endpoint","Admin Organizations","ADMIN plateforme; utilisateur connecté",";get_current_user;get_current_user_any_consent_status;get_db;require_admin;suspend_organization_endpoint","","2","tests/test_admin_organizations.py;tests/test_p1_backoffice_and_suspension.py","TEST PRÉSENT MAIS NON EXÉCUTÉ dans cet audit (liaison par chemin littéral, heuristique)"
"GET","/admin/organizations/{org_id}/usage","api/routers/admin_organizations.py","get_organization_usage_endpoint","Admin Organizations","ADMIN plateforme; utilisateur connecté",";get_current_user;get_current_user_any_consent_status;get_db;get_organization_usage_endpoint;require_admin","","1","tests/test_admin_organizations.py","TEST PRÉSENT MAIS NON EXÉCUTÉ dans cet audit (liaison par chemin littéral, heuristique)"
"GET","/admin/plans","api/routers/admin_subscriptions.py","list_plans_endpoint","Admin Subscriptions","ADMIN plateforme; utilisateur connecté",";get_current_user;get_current_user_any_consent_status;get_db;list_plans_endpoint;require_admin","","8","tests/test_admin_subscriptions.py;tests/test_billing.py;tests/test_p1_backoffice_and_suspension.py;tests/test_p1_billing_integrity.py","TEST PRÉSENT MAIS NON EXÉCUTÉ dans cet audit (liaison par chemin littéral, heuristique)"
"POST","/admin/plans","api/routers/admin_subscriptions.py","create_plan_endpoint","Admin Subscriptions","SUPERADMIN; utilisateur connecté",";create_plan_endpoint;get_current_user;get_current_user_any_consent_status;get_db;require_superadmin","","8","tests/test_admin_subscriptions.py;tests/test_billing.py;tests/test_p1_backoffice_and_suspension.py;tests/test_p1_billing_integrity.py","TEST PRÉSENT MAIS NON EXÉCUTÉ dans cet audit (liaison par chemin littéral, heuristique)"
"POST","/admin/plans/sync/stripe-prices","api/routers/admin_subscriptions.py","sync_stripe_prices_endpoint","Admin Subscriptions","SUPERADMIN; utilisateur connecté",";get_current_user;get_current_user_any_consent_status;get_db;require_superadmin;sync_stripe_prices_endpoint","","4","tests/test_admin_subscriptions.py;tests/test_p1_r6_stripe_sync_errors.py;tests/test_p1_sadm005_route_audit.py;tests/test_p1_sadm005_superadmin_gate.py","TEST PRÉSENT MAIS NON EXÉCUTÉ dans cet audit (liaison par chemin littéral, heuristique)"
"POST","/admin/plans/sync/stripe-products","api/routers/admin_subscriptions.py","sync_stripe_products_endpoint","Admin Subscriptions","SUPERADMIN; utilisateur connecté",";get_current_user;get_current_user_any_consent_status;get_db;require_superadmin;sync_stripe_products_endpoint","","5","tests/test_admin_subscriptions.py;tests/test_p1_billing_integrity.py;tests/test_p1_r6_stripe_sync_errors.py;tests/test_p1_sadm005_route_audit.py","TEST PRÉSENT MAIS NON EXÉCUTÉ dans cet audit (liaison par chemin littéral, heuristique)"
"DELETE","/admin/plans/{plan_id}","api/routers/admin_subscriptions.py","delete_plan_endpoint","Admin Subscriptions","SUPERADMIN; utilisateur connecté",";delete_plan_endpoint;get_current_user;get_current_user_any_consent_status;get_db;require_superadmin","","4","tests/test_admin_subscriptions.py;tests/test_p1_backoffice_and_suspension.py;tests/test_p1_sadm005_route_audit.py;tests/test_p1_sadm005_superadmin_gate.py","TEST PRÉSENT MAIS NON EXÉCUTÉ dans cet audit (liaison par chemin littéral, heuristique)"
"PATCH","/admin/plans/{plan_id}","api/routers/admin_subscriptions.py","update_plan_endpoint","Admin Subscriptions","SUPERADMIN; utilisateur connecté",";get_current_user;get_current_user_any_consent_status;get_db;require_superadmin;update_plan_endpoint","","4","tests/test_admin_subscriptions.py;tests/test_p1_backoffice_and_suspension.py;tests/test_p1_sadm005_route_audit.py;tests/test_p1_sadm005_superadmin_gate.py","TEST PRÉSENT MAIS NON EXÉCUTÉ dans cet audit (liaison par chemin littéral, heuristique)"
"GET","/admin/plugins/pending","api/routers/plugins.py","list_pending_plugins_endpoint","Plugin marketplace","SUPERADMIN; utilisateur connecté",";get_current_user;get_current_user_any_consent_status;get_db;list_pending_plugins_endpoint;require_superadmin","","0","","AUCUN TEST TROUVÉ PAR L'HEURISTIQUE"
"POST","/admin/plugins/{plugin_id}/approve","api/routers/plugins.py","approve_plugin_endpoint","Plugin marketplace","SUPERADMIN; utilisateur connecté",";approve_plugin_endpoint;get_current_user;get_current_user_any_consent_status;get_db;require_superadmin","","3","tests/plugin_test_helpers.py;tests/test_plugin_marketplace.py;tests/test_plugins.py","TEST PRÉSENT MAIS NON EXÉCUTÉ dans cet audit (liaison par chemin littéral, heuristique)"
"POST","/admin/plugins/{plugin_id}/reject","api/routers/plugins.py","reject_plugin_endpoint","Plugin marketplace","SUPERADMIN; utilisateur connecté",";get_current_user;get_current_user_any_consent_status;get_db;reject_plugin_endpoint;require_superadmin","","1","tests/test_plugins.py","TEST PRÉSENT MAIS NON EXÉCUTÉ dans cet audit (liaison par chemin littéral, heuristique)"
"POST","/admin/plugins/{plugin_id}/suspend","api/routers/plugins.py","suspend_plugin_endpoint","Plugin marketplace","SUPERADMIN; utilisateur connecté",";get_current_user;get_current_user_any_consent_status;get_db;require_superadmin;suspend_plugin_endpoint","","1","tests/test_plugins.py","TEST PRÉSENT MAIS NON EXÉCUTÉ dans cet audit (liaison par chemin littéral, heuristique)"
"GET","/admin/sso/connections","api/routers/enterprise_sso.py","list_sso_connections","auth","ADMIN plateforme; utilisateur connecté",";get_current_user;get_current_user_any_consent_status;get_db;list_sso_connections;require_admin","","2","tests/test_enterprise_sso_integration.py;tests/test_p0_sso_domain_claim.py","TEST PRÉSENT MAIS NON EXÉCUTÉ dans cet audit (liaison par chemin littéral, heuristique)"
"POST","/admin/sso/connections","api/routers/enterprise_sso.py","create_sso_connection","auth","SUPERADMIN; utilisateur connecté",";create_sso_connection;get_current_user;get_current_user_any_consent_status;get_db;require_superadmin","","2","tests/test_enterprise_sso_integration.py;tests/test_p0_sso_domain_claim.py","TEST PRÉSENT MAIS NON EXÉCUTÉ dans cet audit (liaison par chemin littéral, heuristique)"
"DELETE","/admin/sso/connections/{connection_id}","api/routers/enterprise_sso.py","delete_sso_connection","auth","ADMIN plateforme; utilisateur connecté",";delete_sso_connection;get_current_user;get_current_user_any_consent_status;get_db;require_admin","","2","tests/test_enterprise_sso_integration.py;tests/test_p0_sso_domain_claim.py","TEST PRÉSENT MAIS NON EXÉCUTÉ dans cet audit (liaison par chemin littéral, heuristique)"
"POST","/admin/sso/connections/{connection_id}/verify-domain","api/routers/enterprise_sso.py","verify_sso_connection_domain","auth","SUPERADMIN; utilisateur connecté",";get_current_user;get_current_user_any_consent_status;get_db;require_superadmin;verify_sso_connection_domain","","2","tests/test_enterprise_sso_integration.py;tests/test_p0_sso_domain_claim.py","TEST PRÉSENT MAIS NON EXÉCUTÉ dans cet audit (liaison par chemin littéral, heuristique)"
"GET","/admin/stats","api/routers/admin_dashboard.py","get_stats_endpoint","Admin Dashboard","ADMIN plateforme; utilisateur connecté",";get_current_user;get_current_user_any_consent_status;get_db;get_stats_endpoint;require_admin","","1","tests/test_admin_dashboard.py","TEST PRÉSENT MAIS NON EXÉCUTÉ dans cet audit (liaison par chemin littéral, heuristique)"
"GET","/admin/stats/api-usage","api/routers/admin_dashboard.py","get_api_usage_stats_endpoint","Admin Dashboard","ADMIN plateforme; utilisateur connecté",";get_api_usage_stats_endpoint;get_current_user;get_current_user_any_consent_status;get_db;require_admin","","0","","AUCUN TEST TROUVÉ PAR L'HEURISTIQUE"
"GET","/admin/stats/conversations","api/routers/admin_dashboard.py","get_conversation_stats_endpoint","Admin Dashboard","ADMIN plateforme; utilisateur connecté",";get_conversation_stats_endpoint;get_current_user;get_current_user_any_consent_status;get_db;require_admin","","0","","AUCUN TEST TROUVÉ PAR L'HEURISTIQUE"
"GET","/admin/stats/documents","api/routers/admin_dashboard.py","get_document_stats_endpoint","Admin Dashboard","ADMIN plateforme; utilisateur connecté",";get_current_user;get_current_user_any_consent_status;get_db;get_document_stats_endpoint;require_admin","","0","","AUCUN TEST TROUVÉ PAR L'HEURISTIQUE"
"GET","/admin/stats/organizations","api/routers/admin_dashboard.py","get_organization_stats_endpoint","Admin Dashboard","ADMIN plateforme; utilisateur connecté",";get_current_user;get_current_user_any_consent_status;get_db;get_organization_stats_endpoint;require_admin","","0","","AUCUN TEST TROUVÉ PAR L'HEURISTIQUE"
"GET","/admin/stats/revenue","api/routers/admin_dashboard.py","get_revenue_stats_endpoint","Admin Dashboard","ADMIN plateforme; utilisateur connecté",";get_current_user;get_current_user_any_consent_status;get_db;get_revenue_stats_endpoint;require_admin","","0","","AUCUN TEST TROUVÉ PAR L'HEURISTIQUE"
"GET","/admin/stats/users","api/routers/admin_dashboard.py","get_user_stats_endpoint","Admin Dashboard","ADMIN plateforme; utilisateur connecté",";get_current_user;get_current_user_any_consent_status;get_db;get_user_stats_endpoint;require_admin","","0","","AUCUN TEST TROUVÉ PAR L'HEURISTIQUE"
"GET","/admin/subscriptions","api/routers/admin_subscriptions.py","list_subscriptions_endpoint","Admin Subscriptions","ADMIN plateforme; utilisateur connecté",";get_current_user;get_current_user_any_consent_status;get_db;list_subscriptions_endpoint;require_admin","","8","tests/test_admin_subscriptions.py;tests/test_p1_backoffice_and_suspension.py;tests/test_p1_bill006_admin_cancel_at_provider.py;tests/test_p1_billing_integrity.py","TEST PRÉSENT MAIS NON EXÉCUTÉ dans cet audit (liaison par chemin littéral, heuristique)"
"GET","/admin/subscriptions/stats","api/routers/admin_subscriptions.py","get_subscription_stats_endpoint","Admin Subscriptions","ADMIN plateforme; utilisateur connecté",";get_current_user;get_current_user_any_consent_status;get_db;get_subscription_stats_endpoint;require_admin","","2","tests/test_admin_subscriptions.py;tests/test_p1_sadm005_superadmin_gate.py","TEST PRÉSENT MAIS NON EXÉCUTÉ dans cet audit (liaison par chemin littéral, heuristique)"
"DELETE","/admin/subscriptions/{sub_id}","api/routers/admin_subscriptions.py","delete_subscription_endpoint","Admin Subscriptions","SUPERADMIN; utilisateur connecté",";delete_subscription_endpoint;get_current_user;get_current_user_any_consent_status;get_db;require_superadmin","","8","tests/test_admin_subscriptions.py;tests/test_p1_backoffice_and_suspension.py;tests/test_p1_bill006_admin_cancel_at_provider.py;tests/test_p1_billing_integrity.py","TEST PRÉSENT MAIS NON EXÉCUTÉ dans cet audit (liaison par chemin littéral, heuristique)"
"GET","/admin/subscriptions/{sub_id}","api/routers/admin_subscriptions.py","get_subscription_endpoint","Admin Subscriptions","ADMIN plateforme; utilisateur connecté",";get_current_user;get_current_user_any_consent_status;get_db;get_subscription_endpoint;require_admin","","8","tests/test_admin_subscriptions.py;tests/test_p1_backoffice_and_suspension.py;tests/test_p1_bill006_admin_cancel_at_provider.py;tests/test_p1_billing_integrity.py","TEST PRÉSENT MAIS NON EXÉCUTÉ dans cet audit (liaison par chemin littéral, heuristique)"
"PATCH","/admin/subscriptions/{sub_id}","api/routers/admin_subscriptions.py","update_subscription_endpoint","Admin Subscriptions","SUPERADMIN; utilisateur connecté",";get_current_user;get_current_user_any_consent_status;get_db;require_superadmin;update_subscription_endpoint","","8","tests/test_admin_subscriptions.py;tests/test_p1_backoffice_and_suspension.py;tests/test_p1_bill006_admin_cancel_at_provider.py;tests/test_p1_billing_integrity.py","TEST PRÉSENT MAIS NON EXÉCUTÉ dans cet audit (liaison par chemin littéral, heuristique)"
"POST","/admin/subscriptions/{sub_id}/cancel","api/routers/admin_subscriptions.py","cancel_subscription_endpoint","Admin Subscriptions","SUPERADMIN; utilisateur connecté",";cancel_subscription_endpoint;get_current_user;get_current_user_any_consent_status;get_db;require_superadmin","","6","tests/test_admin_subscriptions.py;tests/test_p1_backoffice_and_suspension.py;tests/test_p1_bill006_admin_cancel_at_provider.py;tests/test_p1_cancellation_paths.py","TEST PRÉSENT MAIS NON EXÉCUTÉ dans cet audit (liaison par chemin littéral, heuristique)"
"POST","/admin/subscriptions/{sub_id}/extend","api/routers/admin_subscriptions.py","extend_subscription_endpoint","Admin Subscriptions","SUPERADMIN; utilisateur connecté",";extend_subscription_endpoint;get_current_user;get_current_user_any_consent_status;get_db;require_superadmin","","5","tests/test_admin_subscriptions.py;tests/test_p1_backoffice_and_suspension.py;tests/test_p1_r1_denied_audit.py;tests/test_p1_sadm005_route_audit.py","TEST PRÉSENT MAIS NON EXÉCUTÉ dans cet audit (liaison par chemin littéral, heuristique)"
"POST","/admin/subscriptions/{sub_id}/refund","api/routers/admin_subscriptions.py","refund_subscription_endpoint","Admin Subscriptions","SUPERADMIN; utilisateur connecté",";get_current_user;get_current_user_any_consent_status;get_db;refund_subscription_endpoint;require_superadmin","","4","tests/test_admin_subscriptions.py;tests/test_p1_billing_integrity.py;tests/test_p1_sadm005_route_audit.py;tests/test_p1_sadm005_superadmin_gate.py","TEST PRÉSENT MAIS NON EXÉCUTÉ dans cet audit (liaison par chemin littéral, heuristique)"
"GET","/admin/tools/budget","api/routers/tool_config.py","get_tool_budgets","tool-config","SUPERADMIN; utilisateur connecté",";get_current_user;get_current_user_any_consent_status;get_db;get_tool_budgets;require_superadmin","","1","tests/test_tool_budget.py","TEST PRÉSENT MAIS NON EXÉCUTÉ dans cet audit (liaison par chemin littéral, heuristique)"
"GET","/admin/tools/fallback","api/routers/tool_config.py","get_tool_fallbacks","tool-config","SUPERADMIN; utilisateur connecté",";get_current_user;get_current_user_any_consent_status;get_db;get_tool_fallbacks;require_superadmin","","1","tests/test_fallback.py","TEST PRÉSENT MAIS NON EXÉCUTÉ dans cet audit (liaison par chemin littéral, heuristique)"
"POST","/admin/tools/fallback","api/routers/tool_config.py","create_tool_fallback","tool-config","SUPERADMIN; utilisateur connecté",";create_tool_fallback;get_current_user;get_current_user_any_consent_status;get_db;require_superadmin","","1","tests/test_fallback.py","TEST PRÉSENT MAIS NON EXÉCUTÉ dans cet audit (liaison par chemin littéral, heuristique)"
"DELETE","/admin/tools/fallback/{tool_name}","api/routers/tool_config.py","remove_tool_fallback","tool-config","SUPERADMIN; utilisateur connecté",";get_current_user;get_current_user_any_consent_status;get_db;remove_tool_fallback;require_superadmin","","0","","AUCUN TEST TROUVÉ PAR L'HEURISTIQUE"
"GET","/admin/tools/timeout","api/routers/tool_config.py","get_tool_timeouts","tool-config","SUPERADMIN; utilisateur connecté",";get_current_user;get_current_user_any_consent_status;get_db;get_tool_timeouts;require_superadmin","","1","tests/test_tool_timeout.py","TEST PRÉSENT MAIS NON EXÉCUTÉ dans cet audit (liaison par chemin littéral, heuristique)"
"GET","/admin/tools/usage","api/routers/tool_config.py","get_tool_usages","tool-config","SUPERADMIN; utilisateur connecté",";get_current_user;get_current_user_any_consent_status;get_db;get_tool_usages;require_superadmin","","1","tests/test_tool_budget.py","TEST PRÉSENT MAIS NON EXÉCUTÉ dans cet audit (liaison par chemin littéral, heuristique)"
"PATCH","/admin/tools/{tool_name}/budget","api/routers/tool_config.py","update_tool_budget","tool-config","SUPERADMIN; utilisateur connecté",";get_current_user;get_current_user_any_consent_status;get_db;require_superadmin;update_tool_budget","","0","","AUCUN TEST TROUVÉ PAR L'HEURISTIQUE"
"POST","/admin/tools/{tool_name}/budget/reset","api/routers/tool_config.py","reset_tool_budget_endpoint","tool-config","SUPERADMIN; utilisateur connecté",";get_current_user;get_current_user_any_consent_status;get_db;require_superadmin;reset_tool_budget_endpoint","","0","","AUCUN TEST TROUVÉ PAR L'HEURISTIQUE"
"PATCH","/admin/tools/{tool_name}/timeout","api/routers/tool_config.py","update_tool_timeout","tool-config","SUPERADMIN; utilisateur connecté",";get_current_user;get_current_user_any_consent_status;get_db;require_superadmin;update_tool_timeout","","0","","AUCUN TEST TROUVÉ PAR L'HEURISTIQUE"
"GET","/admin/users","api/routers/admin_users_management.py","list_users_endpoint","Admin Users","ADMIN plateforme; utilisateur connecté",";get_current_user;get_current_user_any_consent_status;get_db;list_users_endpoint;require_admin","","3","tests/test_admin_users_management.py;tests/test_p1_backoffice_and_suspension.py;tests/test_roles_and_permissions.py","TEST PRÉSENT MAIS NON EXÉCUTÉ dans cet audit (liaison par chemin littéral, heuristique)"
"GET","/admin/users/{user_id}","api/routers/admin_users_management.py","get_user_endpoint","Admin Users","ADMIN plateforme; utilisateur connecté",";get_current_user;get_current_user_any_consent_status;get_db;get_user_endpoint;require_admin","","3","tests/test_admin_users_management.py;tests/test_p1_backoffice_and_suspension.py;tests/test_roles_and_permissions.py","TEST PRÉSENT MAIS NON EXÉCUTÉ dans cet audit (liaison par chemin littéral, heuristique)"
"PATCH","/admin/users/{user_id}","api/routers/admin_users_management.py","update_user_endpoint","Admin Users","ADMIN plateforme; utilisateur connecté",";get_current_user;get_current_user_any_consent_status;get_db;require_admin;update_user_endpoint","","3","tests/test_admin_users_management.py;tests/test_p1_backoffice_and_suspension.py;tests/test_roles_and_permissions.py","TEST PRÉSENT MAIS NON EXÉCUTÉ dans cet audit (liaison par chemin littéral, heuristique)"
"POST","/admin/users/{user_id}/activate","api/routers/admin_users_management.py","activate_user_endpoint","Admin Users","ADMIN plateforme; utilisateur connecté",";activate_user_endpoint;get_current_user;get_current_user_any_consent_status;get_db;require_admin","","2","tests/test_admin_users_management.py;tests/test_p1_backoffice_and_suspension.py","TEST PRÉSENT MAIS NON EXÉCUTÉ dans cet audit (liaison par chemin littéral, heuristique)"
"GET","/admin/users/{user_id}/activity","api/routers/admin_users_management.py","get_user_activity_endpoint","Admin Users","ADMIN plateforme; utilisateur connecté",";get_current_user;get_current_user_any_consent_status;get_db;get_user_activity_endpoint;require_admin","","1","tests/test_admin_users_management.py","TEST PRÉSENT MAIS NON EXÉCUTÉ dans cet audit (liaison par chemin littéral, heuristique)"
"POST","/admin/users/{user_id}/reset-password","api/routers/admin_users_management.py","reset_user_password_endpoint","Admin Users","ADMIN plateforme; utilisateur connecté",";get_current_user;get_current_user_any_consent_status;get_db;require_admin;reset_user_password_endpoint","","2","tests/test_admin_users_management.py;tests/test_p1_backoffice_and_suspension.py","TEST PRÉSENT MAIS NON EXÉCUTÉ dans cet audit (liaison par chemin littéral, heuristique)"
"PATCH","/admin/users/{user_id}/role","api/routers/admin_users.py","update_user_role","admin","SUPERADMIN; utilisateur connecté",";get_current_user;get_current_user_any_consent_status;get_db;require_superadmin;update_user_role","","1","tests/test_roles_and_permissions.py","TEST PRÉSENT MAIS NON EXÉCUTÉ dans cet audit (liaison par chemin littéral, heuristique)"
"GET","/admin/users/{user_id}/sessions","api/routers/admin_users_management.py","get_user_sessions_endpoint","Admin Users","ADMIN plateforme; utilisateur connecté",";get_current_user;get_current_user_any_consent_status;get_db;get_user_sessions_endpoint;require_admin","","2","tests/test_admin_users_management.py;tests/test_p1_backoffice_and_suspension.py","TEST PRÉSENT MAIS NON EXÉCUTÉ dans cet audit (liaison par chemin littéral, heuristique)"
"DELETE","/admin/users/{user_id}/sessions/{session_id}","api/routers/admin_users_management.py","terminate_user_session_endpoint","Admin Users","ADMIN plateforme; utilisateur connecté",";get_current_user;get_current_user_any_consent_status;get_db;require_admin;terminate_user_session_endpoint","","2","tests/test_admin_users_management.py;tests/test_p1_backoffice_and_suspension.py","TEST PRÉSENT MAIS NON EXÉCUTÉ dans cet audit (liaison par chemin littéral, heuristique)"
"POST","/admin/users/{user_id}/suspend","api/routers/admin_users_management.py","suspend_user_endpoint","Admin Users","ADMIN plateforme; utilisateur connecté",";get_current_user;get_current_user_any_consent_status;get_db;require_admin;suspend_user_endpoint","","2","tests/test_admin_users_management.py;tests/test_p1_backoffice_and_suspension.py","TEST PRÉSENT MAIS NON EXÉCUTÉ dans cet audit (liaison par chemin littéral, heuristique)"
"POST","/admin/users/{user_id}/verify-email","api/routers/admin_users_management.py","verify_user_email_endpoint","Admin Users","ADMIN plateforme; utilisateur connecté",";get_current_user;get_current_user_any_consent_status;get_db;require_admin;verify_user_email_endpoint","","2","tests/test_admin_users_management.py;tests/test_p1_backoffice_and_suspension.py","TEST PRÉSENT MAIS NON EXÉCUTÉ dans cet audit (liaison par chemin littéral, heuristique)"
"DELETE","/agents/{agent_id}","api/routers/agents.py","delete_agent_endpoint","agents","require_agent_manager; utilisateur connecté",";delete_agent_endpoint;get_current_user;get_current_user_any_consent_status;get_db;require_agent_manager","","16","tests/test_agent_api_keys.py;tests/test_agent_guardrails.py;tests/test_agent_idor.py;tests/test_agent_knowledge_base.py","TEST PRÉSENT MAIS NON EXÉCUTÉ dans cet audit (liaison par chemin littéral, heuristique)"
"GET","/agents/{agent_id}","api/routers/agents.py","get_agent_endpoint","agents","require_agent_member; utilisateur connecté",";get_agent_endpoint;get_current_user;get_current_user_any_consent_status;get_db;require_agent_member","","16","tests/test_agent_api_keys.py;tests/test_agent_guardrails.py;tests/test_agent_idor.py;tests/test_agent_knowledge_base.py","TEST PRÉSENT MAIS NON EXÉCUTÉ dans cet audit (liaison par chemin littéral, heuristique)"
"PATCH","/agents/{agent_id}","api/routers/agents.py","update_agent_endpoint","agents","require_agent_manager; utilisateur connecté",";get_current_user;get_current_user_any_consent_status;get_db;require_agent_manager;update_agent_endpoint","","16","tests/test_agent_api_keys.py;tests/test_agent_guardrails.py;tests/test_agent_idor.py;tests/test_agent_knowledge_base.py","TEST PRÉSENT MAIS NON EXÉCUTÉ dans cet audit (liaison par chemin littéral, heuristique)"
"POST","/agents/{agent_id}/activate","api/routers/agents.py","activate_agent_endpoint","agents","require_agent_manager; utilisateur connecté",";activate_agent_endpoint;get_current_user;get_current_user_any_consent_status;get_db;require_agent_manager","","1","tests/test_agents.py","TEST PRÉSENT MAIS NON EXÉCUTÉ dans cet audit (liaison par chemin littéral, heuristique)"
"GET","/agents/{agent_id}/api-keys","api/routers/agent_api_keys.py","list_agent_api_keys_endpoint","agent-api-keys","clé API; require_agent_manager; utilisateur connecté",";get_current_user;get_current_user_any_consent_status;get_db;list_agent_api_keys_endpoint;require_agent_manager","","2","tests/test_agent_api_keys.py;tests/test_bugs_found_by_the_real_data_sweep.py","TEST PRÉSENT MAIS NON EXÉCUTÉ dans cet audit (liaison par chemin littéral, heuristique)"
"POST","/agents/{agent_id}/api-keys","api/routers/agent_api_keys.py","create_agent_api_key_endpoint","agent-api-keys","clé API; require_agent_manager; utilisateur connecté",";create_agent_api_key_endpoint;get_current_user;get_current_user_any_consent_status;get_db;require_agent_manager","","2","tests/test_agent_api_keys.py;tests/test_bugs_found_by_the_real_data_sweep.py","TEST PRÉSENT MAIS NON EXÉCUTÉ dans cet audit (liaison par chemin littéral, heuristique)"
"DELETE","/agents/{agent_id}/api-keys/{key_id}","api/routers/agent_api_keys.py","revoke_agent_api_key_endpoint","agent-api-keys","clé API; require_agent_manager; utilisateur connecté",";get_current_user;get_current_user_any_consent_status;get_db;require_agent_manager;revoke_agent_api_key_endpoint","","1","tests/test_agent_api_keys.py","TEST PRÉSENT MAIS NON EXÉCUTÉ dans cet audit (liaison par chemin littéral, heuristique)"
"POST","/agents/{agent_id}/archive","api/routers/agents.py","archive_agent_endpoint","agents","require_agent_manager; utilisateur connecté",";archive_agent_endpoint;get_current_user;get_current_user_any_consent_status;get_db;require_agent_manager","","1","tests/test_agents.py","TEST PRÉSENT MAIS NON EXÉCUTÉ dans cet audit (liaison par chemin littéral, heuristique)"
"POST","/agents/{agent_id}/deploy","api/routers/deployment_evaluations.py","deploy_agent_endpoint","deployment-evaluations","require_agent_manager; utilisateur connecté",";deploy_agent_endpoint;get_current_user;get_current_user_any_consent_status;get_db;require_agent_manager","","1","tests/test_deployment_evaluations_endpoints.py","TEST PRÉSENT MAIS NON EXÉCUTÉ dans cet audit (liaison par chemin littéral, heuristique)"
"POST","/agents/{agent_id}/deploy/evaluate","api/routers/deployment_evaluations.py","create_deployment_evaluation_endpoint","deployment-evaluations","require_agent_manager; utilisateur connecté",";create_deployment_evaluation_endpoint;get_current_user;get_current_user_any_consent_status;get_db;require_agent_manager","","1","tests/test_deployment_evaluations_endpoints.py","TEST PRÉSENT MAIS NON EXÉCUTÉ dans cet audit (liaison par chemin littéral, heuristique)"
"GET","/agents/{agent_id}/deploy/evaluations","api/routers/deployment_evaluations.py","list_deployment_evaluations_endpoint","deployment-evaluations","require_agent_manager; utilisateur connecté",";get_current_user;get_current_user_any_consent_status;get_db;list_deployment_evaluations_endpoint;require_agent_manager","","0","","AUCUN TEST TROUVÉ PAR L'HEURISTIQUE"
"GET","/agents/{agent_id}/guardrails","api/routers/agents.py","get_agent_guardrails_endpoint","agents","require_agent_manager; utilisateur connecté",";get_agent_guardrails_endpoint;get_current_user;get_current_user_any_consent_status;get_db;require_agent_manager","","1","tests/test_agent_guardrails.py","TEST PRÉSENT MAIS NON EXÉCUTÉ dans cet audit (liaison par chemin littéral, heuristique)"
"PATCH","/agents/{agent_id}/guardrails","api/routers/agents.py","update_agent_guardrails_endpoint","agents","require_agent_manager; utilisateur connecté",";get_current_user;get_current_user_any_consent_status;get_db;require_agent_manager;update_agent_guardrails_endpoint","","1","tests/test_agent_guardrails.py","TEST PRÉSENT MAIS NON EXÉCUTÉ dans cet audit (liaison par chemin littéral, heuristique)"
"GET","/agents/{agent_id}/knowledge-base","api/routers/agents.py","get_agent_knowledge_base_endpoint","agents","require_agent_member; utilisateur connecté",";get_agent_knowledge_base_endpoint;get_current_user;get_current_user_any_consent_status;get_db;require_agent_member","","1","tests/test_agent_knowledge_base.py","TEST PRÉSENT MAIS NON EXÉCUTÉ dans cet audit (liaison par chemin littéral, heuristique)"
"PATCH","/agents/{agent_id}/knowledge-base","api/routers/agents.py","update_agent_knowledge_base_endpoint","agents","require_agent_manager; utilisateur connecté",";get_current_user;get_current_user_any_consent_status;get_db;require_agent_manager;update_agent_knowledge_base_endpoint","","1","tests/test_agent_knowledge_base.py","TEST PRÉSENT MAIS NON EXÉCUTÉ dans cet audit (liaison par chemin littéral, heuristique)"
"GET","/agents/{agent_id}/knowledge-base/config","api/routers/agents.py","get_agent_kb_config_endpoint","agents","require_agent_member; utilisateur connecté",";get_agent_kb_config_endpoint;get_current_user;get_current_user_any_consent_status;get_db;require_agent_member","","1","tests/test_agent_knowledge_base.py","TEST PRÉSENT MAIS NON EXÉCUTÉ dans cet audit (liaison par chemin littéral, heuristique)"
"GET","/agents/{agent_id}/knowledge-base/options","api/routers/agents.py","list_agent_knowledge_base_options_endpoint","agents","require_agent_member; utilisateur connecté",";get_current_user;get_current_user_any_consent_status;get_db;list_agent_knowledge_base_options_endpoint;require_agent_member","","1","tests/test_agent_knowledge_base.py","TEST PRÉSENT MAIS NON EXÉCUTÉ dans cet audit (liaison par chemin littéral, heuristique)"
"GET","/agents/{agent_id}/memory","api/routers/agents.py","get_agent_long_term_memory_endpoint","agents","require_agent_member; utilisateur connecté",";get_agent_long_term_memory_endpoint;get_current_user;get_current_user_any_consent_status;get_db;require_agent_member","","2","tests/test_agent_long_term_memory.py;tests/test_agent_memory_config.py","TEST PRÉSENT MAIS NON EXÉCUTÉ dans cet audit (liaison par chemin littéral, heuristique)"
"GET","/agents/{agent_id}/memory-config","api/routers/agents.py","get_agent_memory_config_endpoint","agents","require_agent_member; utilisateur connecté",";get_agent_memory_config_endpoint;get_current_user;get_current_user_any_consent_status;get_db;require_agent_member","","1","tests/test_agent_memory_config.py","TEST PRÉSENT MAIS NON EXÉCUTÉ dans cet audit (liaison par chemin littéral, heuristique)"
"PATCH","/agents/{agent_id}/memory-config","api/routers/agents.py","update_agent_memory_config_endpoint","agents","require_agent_manager; utilisateur connecté",";get_current_user;get_current_user_any_consent_status;get_db;require_agent_manager;update_agent_memory_config_endpoint","","1","tests/test_agent_memory_config.py","TEST PRÉSENT MAIS NON EXÉCUTÉ dans cet audit (liaison par chemin littéral, heuristique)"
"GET","/agents/{agent_id}/memory-usage","api/routers/agents.py","get_agent_memory_usage_endpoint","agents","require_agent_member; utilisateur connecté",";get_agent_memory_usage_endpoint;get_current_user;get_current_user_any_consent_status;get_db;require_agent_member","","1","tests/test_agent_memory_config.py","TEST PRÉSENT MAIS NON EXÉCUTÉ dans cet audit (liaison par chemin littéral, heuristique)"
"POST","/agents/{agent_id}/memory/clear","api/routers/agents.py","clear_agent_memory_endpoint","agents","require_agent_manager; utilisateur connecté",";clear_agent_memory_endpoint;get_current_user;get_current_user_any_consent_status;get_db;require_agent_manager","","1","tests/test_agent_memory_config.py","TEST PRÉSENT MAIS NON EXÉCUTÉ dans cet audit (liaison par chemin littéral, heuristique)"
"DELETE","/agents/{agent_id}/memory/{key}","api/routers/agents.py","delete_agent_long_term_memory_endpoint","agents","require_agent_manager; utilisateur connecté",";delete_agent_long_term_memory_endpoint;get_current_user;get_current_user_any_consent_status;get_db;require_agent_manager","","0","","AUCUN TEST TROUVÉ PAR L'HEURISTIQUE"
"PUT","/agents/{agent_id}/memory/{key}","api/routers/agents.py","set_agent_long_term_memory_endpoint","agents","require_agent_manager; utilisateur connecté",";get_current_user;get_current_user_any_consent_status;get_db;require_agent_manager;set_agent_long_term_memory_endpoint","","0","","AUCUN TEST TROUVÉ PAR L'HEURISTIQUE"
"GET","/agents/{agent_id}/model","api/routers/agents.py","get_agent_model_endpoint","agents","require_agent_member; utilisateur connecté",";get_agent_model_endpoint;get_current_user;get_current_user_any_consent_status;get_db;require_agent_member","","1","tests/test_agent_models.py","TEST PRÉSENT MAIS NON EXÉCUTÉ dans cet audit (liaison par chemin littéral, heuristique)"
"PATCH","/agents/{agent_id}/model","api/routers/agents.py","update_agent_model_endpoint","agents","require_agent_manager; utilisateur connecté",";get_current_user;get_current_user_any_consent_status;get_db;require_agent_manager;update_agent_model_endpoint","","1","tests/test_agent_models.py","TEST PRÉSENT MAIS NON EXÉCUTÉ dans cet audit (liaison par chemin littéral, heuristique)"
"POST","/agents/{agent_id}/pause","api/routers/agents.py","pause_agent_endpoint","agents","require_agent_manager; utilisateur connecté",";get_current_user;get_current_user_any_consent_status;get_db;pause_agent_endpoint;require_agent_manager","","1","tests/test_agents.py","TEST PRÉSENT MAIS NON EXÉCUTÉ dans cet audit (liaison par chemin littéral, heuristique)"
"GET","/agents/{agent_id}/permissions","api/routers/agents.py","get_agent_permissions_endpoint","agents","require_agent_manager; utilisateur connecté",";get_agent_permissions_endpoint;get_current_user;get_current_user_any_consent_status;get_db;require_agent_manager","","1","tests/test_agent_permissions.py","TEST PRÉSENT MAIS NON EXÉCUTÉ dans cet audit (liaison par chemin littéral, heuristique)"
"PATCH","/agents/{agent_id}/permissions","api/routers/agents.py","update_agent_permissions_endpoint","agents","require_agent_manager; utilisateur connecté",";get_current_user;get_current_user_any_consent_status;get_db;require_agent_manager;update_agent_permissions_endpoint","","1","tests/test_agent_permissions.py","TEST PRÉSENT MAIS NON EXÉCUTÉ dans cet audit (liaison par chemin littéral, heuristique)"
"POST","/agents/{agent_id}/permissions/users","api/routers/agents.py","add_agent_allowed_user_endpoint","agents","require_agent_manager; utilisateur connecté",";add_agent_allowed_user_endpoint;get_current_user;get_current_user_any_consent_status;get_db;require_agent_manager","","1","tests/test_agent_permissions.py","TEST PRÉSENT MAIS NON EXÉCUTÉ dans cet audit (liaison par chemin littéral, heuristique)"
"DELETE","/agents/{agent_id}/permissions/users/{user_id}","api/routers/agents.py","remove_agent_allowed_user_endpoint","agents","require_agent_manager; utilisateur connecté",";get_current_user;get_current_user_any_consent_status;get_db;remove_agent_allowed_user_endpoint;require_agent_manager","","1","tests/test_agent_permissions.py","TEST PRÉSENT MAIS NON EXÉCUTÉ dans cet audit (liaison par chemin littéral, heuristique)"
"PATCH","/agents/{agent_id}/system-prompt","api/routers/agents.py","update_system_prompt_endpoint","agents","require_agent_manager; utilisateur connecté",";get_current_user;get_current_user_any_consent_status;get_db;require_agent_manager;update_system_prompt_endpoint","","1","tests/test_agent_prompts.py","TEST PRÉSENT MAIS NON EXÉCUTÉ dans cet audit (liaison par chemin littéral, heuristique)"
"GET","/agents/{agent_id}/system-prompt/preview","api/routers/agents.py","preview_system_prompt_endpoint","agents","require_agent_member; utilisateur connecté",";get_current_user;get_current_user_any_consent_status;get_db;preview_system_prompt_endpoint;require_agent_member","","1","tests/test_agent_prompts.py","TEST PRÉSENT MAIS NON EXÉCUTÉ dans cet audit (liaison par chemin littéral, heuristique)"
"GET","/agents/{agent_id}/system-prompt/variables","api/routers/agents.py","get_system_prompt_variables_endpoint","agents","require_agent_member; utilisateur connecté",";get_current_user;get_current_user_any_consent_status;get_db;get_system_prompt_variables_endpoint;require_agent_member","","1","tests/test_agent_prompts.py","TEST PRÉSENT MAIS NON EXÉCUTÉ dans cet audit (liaison par chemin littéral, heuristique)"
"GET","/agents/{agent_id}/tools","api/routers/agents.py","get_agent_tools_endpoint","agents","require_agent_member; utilisateur connecté",";get_agent_tools_endpoint;get_current_user;get_current_user_any_consent_status;get_db;require_agent_member","","1","tests/test_agent_tools.py","TEST PRÉSENT MAIS NON EXÉCUTÉ dans cet audit (liaison par chemin littéral, heuristique)"
"PATCH","/agents/{agent_id}/tools","api/routers/agents.py","update_agent_tools_endpoint","agents","require_agent_manager; utilisateur connecté",";get_current_user;get_current_user_any_consent_status;get_db;require_agent_manager;update_agent_tools_endpoint","","1","tests/test_agent_tools.py","TEST PRÉSENT MAIS NON EXÉCUTÉ dans cet audit (liaison par chemin littéral, heuristique)"
"POST","/agents/{agent_id}/tools/{tool_name}/disable","api/routers/agents.py","disable_agent_tool_endpoint","agents","require_agent_manager; utilisateur connecté",";disable_agent_tool_endpoint;get_current_user;get_current_user_any_consent_status;get_db;require_agent_manager","","0","","AUCUN TEST TROUVÉ PAR L'HEURISTIQUE"
"POST","/agents/{agent_id}/tools/{tool_name}/enable","api/routers/agents.py","enable_agent_tool_endpoint","agents","require_agent_manager; utilisateur connecté",";enable_agent_tool_endpoint;get_current_user;get_current_user_any_consent_status;get_db;require_agent_manager","","0","","AUCUN TEST TROUVÉ PAR L'HEURISTIQUE"
"GET","/alerting/channels","api/routers/observability.py","list_alert_channels_endpoint","Observability","ADMIN plateforme; utilisateur connecté",";get_current_user;get_current_user_any_consent_status;get_db;list_alert_channels_endpoint;require_admin","","1","tests/test_observability.py","TEST PRÉSENT MAIS NON EXÉCUTÉ dans cet audit (liaison par chemin littéral, heuristique)"
"POST","/alerting/channels","api/routers/observability.py","create_alert_channel_endpoint","Observability","ADMIN plateforme; utilisateur connecté",";create_alert_channel_endpoint;get_current_user;get_current_user_any_consent_status;get_db;require_admin","","1","tests/test_observability.py","TEST PRÉSENT MAIS NON EXÉCUTÉ dans cet audit (liaison par chemin littéral, heuristique)"
"DELETE","/alerting/channels/{channel_id}","api/routers/observability.py","delete_alert_channel_endpoint","Observability","ADMIN plateforme; utilisateur connecté",";delete_alert_channel_endpoint;get_current_user;get_current_user_any_consent_status;get_db;require_admin","","0","","AUCUN TEST TROUVÉ PAR L'HEURISTIQUE"
"PATCH","/alerting/channels/{channel_id}","api/routers/observability.py","update_alert_channel_endpoint","Observability","ADMIN plateforme; utilisateur connecté",";get_current_user;get_current_user_any_consent_status;get_db;require_admin;update_alert_channel_endpoint","","0","","AUCUN TEST TROUVÉ PAR L'HEURISTIQUE"
"GET","/alerting/history","api/routers/observability.py","get_alert_history_endpoint","Observability","ADMIN plateforme; utilisateur connecté",";get_alert_history_endpoint;get_current_user;get_current_user_any_consent_status;get_db;require_admin","","0","","AUCUN TEST TROUVÉ PAR L'HEURISTIQUE"
"GET","/alerting/incidents","api/routers/observability.py","list_incidents_endpoint","Observability","ADMIN plateforme; utilisateur connecté",";get_current_user;get_current_user_any_consent_status;get_db;list_incidents_endpoint;require_admin","","1","tests/test_observability.py","TEST PRÉSENT MAIS NON EXÉCUTÉ dans cet audit (liaison par chemin littéral, heuristique)"
"POST","/alerting/incidents","api/routers/observability.py","create_incident_endpoint","Observability","ADMIN plateforme; utilisateur connecté",";create_incident_endpoint;get_current_user;get_current_user_any_consent_status;get_db;require_admin","","1","tests/test_observability.py","TEST PRÉSENT MAIS NON EXÉCUTÉ dans cet audit (liaison par chemin littéral, heuristique)"
"PATCH","/alerting/incidents/{incident_id}","api/routers/observability.py","update_incident_endpoint","Observability","ADMIN plateforme; utilisateur connecté",";get_current_user;get_current_user_any_consent_status;get_db;require_admin;update_incident_endpoint","","1","tests/test_observability.py","TEST PRÉSENT MAIS NON EXÉCUTÉ dans cet audit (liaison par chemin littéral, heuristique)"
"POST","/alerting/incidents/{incident_id}/resolve","api/routers/observability.py","resolve_incident_endpoint","Observability","ADMIN plateforme; utilisateur connecté",";get_current_user;get_current_user_any_consent_status;get_db;require_admin;resolve_incident_endpoint","","1","tests/test_observability.py","TEST PRÉSENT MAIS NON EXÉCUTÉ dans cet audit (liaison par chemin littéral, heuristique)"
"GET","/alerting/rules","api/routers/observability.py","list_alert_rules_endpoint","Observability","ADMIN plateforme; utilisateur connecté",";get_current_user;get_current_user_any_consent_status;get_db;list_alert_rules_endpoint;require_admin","","1","tests/test_observability.py","TEST PRÉSENT MAIS NON EXÉCUTÉ dans cet audit (liaison par chemin littéral, heuristique)"
"POST","/alerting/rules","api/routers/observability.py","create_alert_rule_endpoint","Observability","ADMIN plateforme; utilisateur connecté",";create_alert_rule_endpoint;get_current_user;get_current_user_any_consent_status;get_db;require_admin","","1","tests/test_observability.py","TEST PRÉSENT MAIS NON EXÉCUTÉ dans cet audit (liaison par chemin littéral, heuristique)"
"DELETE","/alerting/rules/{rule_id}","api/routers/observability.py","delete_alert_rule_endpoint","Observability","ADMIN plateforme; utilisateur connecté",";delete_alert_rule_endpoint;get_current_user;get_current_user_any_consent_status;get_db;require_admin","","1","tests/test_observability.py","TEST PRÉSENT MAIS NON EXÉCUTÉ dans cet audit (liaison par chemin littéral, heuristique)"
"PATCH","/alerting/rules/{rule_id}","api/routers/observability.py","update_alert_rule_endpoint","Observability","ADMIN plateforme; utilisateur connecté",";get_current_user;get_current_user_any_consent_status;get_db;require_admin;update_alert_rule_endpoint","","1","tests/test_observability.py","TEST PRÉSENT MAIS NON EXÉCUTÉ dans cet audit (liaison par chemin littéral, heuristique)"
"POST","/alerting/rules/{rule_id}/test","api/routers/observability.py","test_alert_rule_endpoint","Observability","ADMIN plateforme; utilisateur connecté",";get_current_user;get_current_user_any_consent_status;get_db;require_admin;test_alert_rule_endpoint","","1","tests/test_observability.py","TEST PRÉSENT MAIS NON EXÉCUTÉ dans cet audit (liaison par chemin littéral, heuristique)"
"GET","/analytics/business/churn","api/routers/analytics.py","business_churn_endpoint","analytics","SUPERADMIN; utilisateur connecté",";business_churn_endpoint;get_current_user;get_current_user_any_consent_status;get_db;require_superadmin","","1","tests/backend/analytics/test_business.py","TEST PRÉSENT MAIS NON EXÉCUTÉ dans cet audit (liaison par chemin littéral, heuristique)"
"GET","/analytics/business/customers","api/routers/analytics.py","business_customers_endpoint","analytics","SUPERADMIN; utilisateur connecté",";business_customers_endpoint;get_current_user;get_current_user_any_consent_status;get_db;require_superadmin","","1","tests/backend/analytics/test_business.py","TEST PRÉSENT MAIS NON EXÉCUTÉ dans cet audit (liaison par chemin littéral, heuristique)"
"GET","/analytics/business/ltv","api/routers/analytics.py","business_ltv_endpoint","analytics","SUPERADMIN; utilisateur connecté",";business_ltv_endpoint;get_current_user;get_current_user_any_consent_status;get_db;require_superadmin","","1","tests/backend/analytics/test_business.py","TEST PRÉSENT MAIS NON EXÉCUTÉ dans cet audit (liaison par chemin littéral, heuristique)"
"GET","/analytics/business/retention","api/routers/analytics.py","business_retention_endpoint","analytics","SUPERADMIN; utilisateur connecté",";business_retention_endpoint;get_current_user;get_current_user_any_consent_status;get_db;require_superadmin","","1","tests/backend/analytics/test_business.py","TEST PRÉSENT MAIS NON EXÉCUTÉ dans cet audit (liaison par chemin littéral, heuristique)"
"GET","/analytics/business/revenue","api/routers/analytics.py","business_revenue_endpoint","analytics","SUPERADMIN; utilisateur connecté",";business_revenue_endpoint;get_current_user;get_current_user_any_consent_status;get_db;require_superadmin","","1","tests/backend/analytics/test_business.py","TEST PRÉSENT MAIS NON EXÉCUTÉ dans cet audit (liaison par chemin littéral, heuristique)"
"GET","/analytics/business/revenue/trend","api/routers/analytics.py","business_revenue_trend_endpoint","analytics","SUPERADMIN; utilisateur connecté",";business_revenue_trend_endpoint;get_current_user;get_current_user_any_consent_status;get_db;require_superadmin","","1","tests/backend/analytics/test_business.py","TEST PRÉSENT MAIS NON EXÉCUTÉ dans cet audit (liaison par chemin littéral, heuristique)"
"GET","/api-keys/scopes","api/routers/public_api.py","list_available_scopes_endpoint","Public API","utilisateur connecté",";get_current_user;get_current_user_any_consent_status;get_db;list_available_scopes_endpoint","","1","tests/test_api_key_management.py","TEST PRÉSENT MAIS NON EXÉCUTÉ dans cet audit (liaison par chemin littéral, heuristique)"
"GET","/api-keys/{key_id}","api/routers/public_api.py","get_api_key_endpoint","Public API","clé API; require_key_org_admin; utilisateur connecté",";get_api_key_endpoint;get_current_user;get_current_user_any_consent_status;get_db;require_key_org_admin","","2","tests/test_agent_api_keys.py;tests/test_api_key_management.py","TEST PRÉSENT MAIS NON EXÉCUTÉ dans cet audit (liaison par chemin littéral, heuristique)"
"PATCH","/api-keys/{key_id}","api/routers/public_api.py","update_api_key_endpoint","Public API","clé API; require_key_org_admin; utilisateur connecté",";get_current_user;get_current_user_any_consent_status;get_db;require_key_org_admin;update_api_key_endpoint","","2","tests/test_agent_api_keys.py;tests/test_api_key_management.py","TEST PRÉSENT MAIS NON EXÉCUTÉ dans cet audit (liaison par chemin littéral, heuristique)"
"DELETE","/api-keys/{key_id}/expiration","api/routers/public_api.py","remove_key_expiration_endpoint","Public API","require_key_org_admin; utilisateur connecté",";get_current_user;get_current_user_any_consent_status;get_db;remove_key_expiration_endpoint;require_key_org_admin","","0","","AUCUN TEST TROUVÉ PAR L'HEURISTIQUE"
"PATCH","/api-keys/{key_id}/expiration","api/routers/public_api.py","set_key_expiration_endpoint","Public API","require_key_org_admin; utilisateur connecté",";get_current_user;get_current_user_any_consent_status;get_db;require_key_org_admin;set_key_expiration_endpoint","","0","","AUCUN TEST TROUVÉ PAR L'HEURISTIQUE"
"GET","/api-keys/{key_id}/quota","api/routers/public_api.py","get_quota_endpoint","Public API","require_key_org_admin; utilisateur connecté",";get_current_user;get_current_user_any_consent_status;get_db;get_quota_endpoint;require_key_org_admin","","1","tests/test_api_key_management.py","TEST PRÉSENT MAIS NON EXÉCUTÉ dans cet audit (liaison par chemin littéral, heuristique)"
"PATCH","/api-keys/{key_id}/quota","api/routers/public_api.py","set_quota_endpoint","Public API","require_key_org_admin; utilisateur connecté",";get_current_user;get_current_user_any_consent_status;get_db;require_key_org_admin;set_quota_endpoint","","1","tests/test_api_key_management.py","TEST PRÉSENT MAIS NON EXÉCUTÉ dans cet audit (liaison par chemin littéral, heuristique)"
"GET","/api-keys/{key_id}/quota/status","api/routers/public_api.py","get_quota_status_endpoint","Public API","require_key_org_admin; utilisateur connecté",";get_current_user;get_current_user_any_consent_status;get_db;get_quota_status_endpoint;require_key_org_admin","","0","","AUCUN TEST TROUVÉ PAR L'HEURISTIQUE"
"GET","/api-keys/{key_id}/rate-limit","api/routers/public_api.py","get_rate_limit_endpoint","Public API","require_key_org_admin; utilisateur connecté",";get_current_user;get_current_user_any_consent_status;get_db;get_rate_limit_endpoint;require_key_org_admin","","0","","AUCUN TEST TROUVÉ PAR L'HEURISTIQUE"
"PATCH","/api-keys/{key_id}/rate-limit","api/routers/public_api.py","set_rate_limit_endpoint","Public API","require_key_org_admin; utilisateur connecté",";get_current_user;get_current_user_any_consent_status;get_db;require_key_org_admin;set_rate_limit_endpoint","","0","","AUCUN TEST TROUVÉ PAR L'HEURISTIQUE"
"POST","/api-keys/{key_id}/rotate","api/routers/public_api.py","rotate_api_key_endpoint","Public API","clé API; require_key_org_admin; utilisateur connecté",";get_current_user;get_current_user_any_consent_status;get_db;require_key_org_admin;rotate_api_key_endpoint","","1","tests/test_api_key_management.py","TEST PRÉSENT MAIS NON EXÉCUTÉ dans cet audit (liaison par chemin littéral, heuristique)"
"GET","/api-keys/{key_id}/rotation-history","api/routers/public_api.py","get_key_rotation_history_endpoint","Public API","require_key_org_admin; utilisateur connecté",";get_current_user;get_current_user_any_consent_status;get_db;get_key_rotation_history_endpoint;require_key_org_admin","","1","tests/test_api_key_management.py","TEST PRÉSENT MAIS NON EXÉCUTÉ dans cet audit (liaison par chemin littéral, heuristique)"
"POST","/api-keys/{key_id}/schedule-rotation","api/routers/public_api.py","schedule_key_rotation_endpoint","Public API","require_key_org_admin; utilisateur connecté",";get_current_user;get_current_user_any_consent_status;get_db;require_key_org_admin;schedule_key_rotation_endpoint","","0","","AUCUN TEST TROUVÉ PAR L'HEURISTIQUE"
"PATCH","/api-keys/{key_id}/scopes","api/routers/public_api.py","update_key_scopes_endpoint","Public API","require_key_org_admin; utilisateur connecté",";get_current_user;get_current_user_any_consent_status;get_db;require_key_org_admin;update_key_scopes_endpoint","","1","tests/test_api_key_management.py","TEST PRÉSENT MAIS NON EXÉCUTÉ dans cet audit (liaison par chemin littéral, heuristique)"
"POST","/api/agents/run","api/routers/agent_api_keys.py","run_agent_via_api_key_endpoint","agent-api-keys","clé API; require_agent_api_key","_check;get_db;require_agent_api_key;run_agent_via_api_key_endpoint","","2","tests/test_agent_api_keys.py;tests/test_no_unhandled_errors_sweep.py","TEST PRÉSENT MAIS NON EXÉCUTÉ dans cet audit (liaison par chemin littéral, heuristique)"
"GET","/api/versions","api/routers/api_versioning.py","list_api_versions_endpoint","API Versioning","AUCUNE DÉPENDANCE D'AUTH DÉTECTÉE (public ou auth interne à vérifier)","list_api_versions_endpoint","","2","tests/test_api_versioning.py;tests/test_no_unhandled_errors_sweep.py","TEST PRÉSENT MAIS NON EXÉCUTÉ dans cet audit (liaison par chemin littéral, heuristique)"
"GET","/api/versions/{version}","api/routers/api_versioning.py","get_api_version_endpoint","API Versioning","AUCUNE DÉPENDANCE D'AUTH DÉTECTÉE (public ou auth interne à vérifier)","get_api_version_endpoint","","1","tests/test_no_unhandled_errors_sweep.py","TEST PRÉSENT MAIS NON EXÉCUTÉ dans cet audit (liaison par chemin littéral, heuristique)"
"GET","/audit/actions","api/routers/audit.py","get_audit_actions_endpoint","audit","ADMIN plateforme; utilisateur connecté",";get_audit_actions_endpoint;get_current_user;get_current_user_any_consent_status;get_db;require_admin","","1","tests/test_audit_extensions.py","TEST PRÉSENT MAIS NON EXÉCUTÉ dans cet audit (liaison par chemin littéral, heuristique)"
"GET","/audit/export","api/routers/audit.py","export_audit_logs_endpoint","audit","ADMIN plateforme; utilisateur connecté",";export_audit_logs_endpoint;get_current_user;get_current_user_any_consent_status;get_db;require_admin","","1","tests/test_audit_extensions.py","TEST PRÉSENT MAIS NON EXÉCUTÉ dans cet audit (liaison par chemin littéral, heuristique)"
"DELETE","/audit/logs/purge","api/routers/audit.py","purge_audit_logs_endpoint","audit","SUPERADMIN; utilisateur connecté",";get_current_user;get_current_user_any_consent_status;get_db;purge_audit_logs_endpoint;require_superadmin","","2","tests/test_audit_extensions.py;tests/test_p1_decisions_v2_v5.py","TEST PRÉSENT MAIS NON EXÉCUTÉ dans cet audit (liaison par chemin littéral, heuristique)"
"GET","/audit/resource/{resource_type}/{resource_id}","api/routers/audit.py","get_resource_audit_logs_endpoint","audit","ADMIN plateforme; utilisateur connecté",";get_current_user;get_current_user_any_consent_status;get_db;get_resource_audit_logs_endpoint;require_admin","","0","","AUCUN TEST TROUVÉ PAR L'HEURISTIQUE"
"GET","/audit/stats","api/routers/audit.py","get_audit_stats_endpoint","audit","ADMIN plateforme; utilisateur connecté",";get_audit_stats_endpoint;get_current_user;get_current_user_any_consent_status;get_db;require_admin","","1","tests/test_audit_extensions.py","TEST PRÉSENT MAIS NON EXÉCUTÉ dans cet audit (liaison par chemin littéral, heuristique)"
"GET","/audit/user/{user_id}","api/routers/audit.py","get_user_audit_logs_endpoint","audit","ADMIN plateforme; utilisateur connecté",";get_current_user;get_current_user_any_consent_status;get_db;get_user_audit_logs_endpoint;require_admin","","1","tests/test_audit_extensions.py","TEST PRÉSENT MAIS NON EXÉCUTÉ dans cet audit (liaison par chemin littéral, heuristique)"
"POST","/auth/2fa/disable","api/routers/two_factor.py","disable_two_factor","auth","AUCUNE DÉPENDANCE D'AUTH DÉTECTÉE (public ou auth interne à vérifier)",";disable_two_factor;get_current_user_any_consent_status;get_db","","3","tests/test_auth_api.py;tests/test_rate_limiting_integration.py;tests/test_sweep_with_real_data.py","TEST PRÉSENT MAIS NON EXÉCUTÉ dans cet audit (liaison par chemin littéral, heuristique)"
"POST","/auth/2fa/enable","api/routers/two_factor.py","enable_two_factor","auth","AUCUNE DÉPENDANCE D'AUTH DÉTECTÉE (public ou auth interne à vérifier)",";enable_two_factor;get_current_user_any_consent_status;get_db","","5","tests/test_auth_api.py;tests/test_e2e_lifecycle.py;tests/test_enterprise_sso_integration.py;tests/test_rate_limiting_integration.py","TEST PRÉSENT MAIS NON EXÉCUTÉ dans cet audit (liaison par chemin littéral, heuristique)"
"POST","/auth/2fa/lockout-recovery/confirm","api/routers/two_factor.py","confirm_two_factor_lockout_recovery","auth","AUCUNE DÉPENDANCE D'AUTH DÉTECTÉE (public ou auth interne à vérifier)","confirm_two_factor_lockout_recovery;get_db","","2","tests/test_auth_api.py;tests/test_no_unhandled_errors_sweep.py","TEST PRÉSENT MAIS NON EXÉCUTÉ dans cet audit (liaison par chemin littéral, heuristique)"
"POST","/auth/2fa/lockout-recovery/request","api/routers/two_factor.py","request_two_factor_lockout_recovery","auth","AUCUNE DÉPENDANCE D'AUTH DÉTECTÉE (public ou auth interne à vérifier)","get_db;request_two_factor_lockout_recovery","","3","tests/test_auth_api.py;tests/test_no_unhandled_errors_sweep.py;tests/test_rate_limiting_integration.py","TEST PRÉSENT MAIS NON EXÉCUTÉ dans cet audit (liaison par chemin littéral, heuristique)"
"POST","/auth/2fa/recovery-codes/regenerate","api/routers/two_factor.py","regenerate_recovery_codes","auth","AUCUNE DÉPENDANCE D'AUTH DÉTECTÉE (public ou auth interne à vérifier)",";get_current_user_any_consent_status;get_db;regenerate_recovery_codes","","2","tests/test_auth_api.py;tests/test_rate_limiting_integration.py","TEST PRÉSENT MAIS NON EXÉCUTÉ dans cet audit (liaison par chemin littéral, heuristique)"
"GET","/auth/2fa/recovery-codes/status","api/routers/two_factor.py","recovery_codes_status","auth","AUCUNE DÉPENDANCE D'AUTH DÉTECTÉE (public ou auth interne à vérifier)",";get_current_user_any_consent_status;get_db;recovery_codes_status","","1","tests/test_auth_api.py","TEST PRÉSENT MAIS NON EXÉCUTÉ dans cet audit (liaison par chemin littéral, heuristique)"
"POST","/auth/2fa/setup","api/routers/two_factor.py","setup_two_factor","auth","AUCUNE DÉPENDANCE D'AUTH DÉTECTÉE (public ou auth interne à vérifier)",";get_current_user_any_consent_status;get_db;setup_two_factor","","5","tests/test_auth_api.py;tests/test_e2e_lifecycle.py;tests/test_enterprise_sso_integration.py;tests/test_rate_limiting_integration.py","TEST PRÉSENT MAIS NON EXÉCUTÉ dans cet audit (liaison par chemin littéral, heuristique)"
"POST","/auth/2fa/verify-login","api/routers/two_factor.py","verify_two_factor_login","auth","AUCUNE DÉPENDANCE D'AUTH DÉTECTÉE (public ou auth interne à vérifier)","get_db;verify_two_factor_login","","3","tests/test_auth_api.py;tests/test_e2e_lifecycle.py;tests/test_rate_limiting_integration.py","TEST PRÉSENT MAIS NON EXÉCUTÉ dans cet audit (liaison par chemin littéral, heuristique)"
"POST","/auth/2fa/verify-recovery-code","api/routers/two_factor.py","verify_two_factor_recovery_code","auth","AUCUNE DÉPENDANCE D'AUTH DÉTECTÉE (public ou auth interne à vérifier)","get_db;verify_two_factor_recovery_code","","2","tests/test_auth_api.py;tests/test_rate_limiting_integration.py","TEST PRÉSENT MAIS NON EXÉCUTÉ dans cet audit (liaison par chemin littéral, heuristique)"
"POST","/auth/login","api/routers/auth.py","login","auth","AUCUNE DÉPENDANCE D'AUTH DÉTECTÉE (public ou auth interne à vérifier)","get_db;login","","17","tests/conftest.py;tests/test_a2a_router.py;tests/test_admin_users_management.py;tests/test_audit_log.py","TEST PRÉSENT MAIS NON EXÉCUTÉ dans cet audit (liaison par chemin littéral, heuristique)"
"POST","/auth/logout","api/routers/auth.py","logout","auth","AUCUNE DÉPENDANCE D'AUTH DÉTECTÉE (public ou auth interne à vérifier)","get_db;logout;verify_csrf","","5","tests/test_auth_api.py;tests/test_e2e_lifecycle.py;tests/test_oauth_logic_integration.py;tests/test_postgres_integration.py","TEST PRÉSENT MAIS NON EXÉCUTÉ dans cet audit (liaison par chemin littéral, heuristique)"
"GET","/auth/oauth/{provider}/authorize","api/routers/oauth.py","oauth_authorize","auth","AUCUNE DÉPENDANCE D'AUTH DÉTECTÉE (public ou auth interne à vérifier)","oauth_authorize","","0","","AUCUN TEST TROUVÉ PAR L'HEURISTIQUE"
"GET","/auth/oauth/{provider}/callback","api/routers/oauth.py","oauth_callback","auth","AUCUNE DÉPENDANCE D'AUTH DÉTECTÉE (public ou auth interne à vérifier)","oauth_callback","","1","tests/test_no_unhandled_errors_sweep.py","TEST PRÉSENT MAIS NON EXÉCUTÉ dans cet audit (liaison par chemin littéral, heuristique)"
"POST","/auth/password/forgot","api/routers/password.py","forgot_password","auth","AUCUNE DÉPENDANCE D'AUTH DÉTECTÉE (public ou auth interne à vérifier)","forgot_password;get_db","","4","tests/test_auth_api.py;tests/test_e2e_lifecycle.py;tests/test_no_unhandled_errors_sweep.py;tests/test_rate_limiting_integration.py","TEST PRÉSENT MAIS NON EXÉCUTÉ dans cet audit (liaison par chemin littéral, heuristique)"
"POST","/auth/password/reset","api/routers/password.py","reset_password","auth","AUCUNE DÉPENDANCE D'AUTH DÉTECTÉE (public ou auth interne à vérifier)","get_db;reset_password","","3","tests/test_auth_api.py;tests/test_e2e_lifecycle.py;tests/test_no_unhandled_errors_sweep.py","TEST PRÉSENT MAIS NON EXÉCUTÉ dans cet audit (liaison par chemin littéral, heuristique)"
"POST","/auth/refresh","api/routers/auth.py","refresh","auth","AUCUNE DÉPENDANCE D'AUTH DÉTECTÉE (public ou auth interne à vérifier)","get_db;refresh;verify_csrf","","3","tests/test_auth_api.py;tests/test_e2e_lifecycle.py;tests/test_postgres_integration.py","TEST PRÉSENT MAIS NON EXÉCUTÉ dans cet audit (liaison par chemin littéral, heuristique)"
"POST","/auth/register","api/routers/auth.py","register","auth","AUCUNE DÉPENDANCE D'AUTH DÉTECTÉE (public ou auth interne à vérifier)","get_db;register","","167","tests/backend/ab-tests/test_ab_tests_advanced.py;tests/backend/ab-tests/test_assignments.py;tests/backend/ab-tests/test_decisions.py;tests/backend/ab-tests/test_statistics.py","TEST PRÉSENT MAIS NON EXÉCUTÉ dans cet audit (liaison par chemin littéral, heuristique)"
"POST","/auth/sso/discover","api/routers/enterprise_sso.py","discover_sso","auth","AUCUNE DÉPENDANCE D'AUTH DÉTECTÉE (public ou auth interne à vérifier)","discover_sso;get_db","","3","tests/test_enterprise_sso_integration.py;tests/test_no_unhandled_errors_sweep.py;tests/test_p0_sso_domain_claim.py","TEST PRÉSENT MAIS NON EXÉCUTÉ dans cet audit (liaison par chemin littéral, heuristique)"
"GET","/auth/sso/{connection_id}/authorize","api/routers/enterprise_sso.py","sso_authorize","auth","AUCUNE DÉPENDANCE D'AUTH DÉTECTÉE (public ou auth interne à vérifier)","get_db;sso_authorize","","4","tests/oidc_test_idp.py;tests/test_enterprise_sso_integration.py;tests/test_no_unhandled_errors_sweep.py;tests/test_p0_sso_domain_claim.py","TEST PRÉSENT MAIS NON EXÉCUTÉ dans cet audit (liaison par chemin littéral, heuristique)"
"GET","/auth/sso/{connection_id}/callback","api/routers/enterprise_sso.py","sso_callback","auth","AUCUNE DÉPENDANCE D'AUTH DÉTECTÉE (public ou auth interne à vérifier)","get_db;sso_callback","","3","tests/test_enterprise_sso_integration.py;tests/test_no_unhandled_errors_sweep.py;tests/test_p0_sso_domain_claim.py","TEST PRÉSENT MAIS NON EXÉCUTÉ dans cet audit (liaison par chemin littéral, heuristique)"
"POST","/auth/verify-email/confirm","api/routers/verify.py","confirm_verification_code","auth","utilisateur connecté",";confirm_verification_code;get_current_user;get_current_user_any_consent_status;get_db","","2","tests/test_auth_api.py;tests/test_e2e_lifecycle.py","TEST PRÉSENT MAIS NON EXÉCUTÉ dans cet audit (liaison par chemin littéral, heuristique)"
"POST","/auth/verify-email/request","api/routers/verify.py","request_verification_code","auth","utilisateur connecté",";get_current_user;get_current_user_any_consent_status;get_db;request_verification_code","","2","tests/test_auth_api.py;tests/test_rate_limiting_integration.py","TEST PRÉSENT MAIS NON EXÉCUTÉ dans cet audit (liaison par chemin littéral, heuristique)"
"POST","/auth/webauthn/authenticate/options","api/routers/webauthn.py","webauthn_authentication_options","auth","AUCUNE DÉPENDANCE D'AUTH DÉTECTÉE (public ou auth interne à vérifier)","get_db;webauthn_authentication_options","","1","tests/test_webauthn_integration.py","TEST PRÉSENT MAIS NON EXÉCUTÉ dans cet audit (liaison par chemin littéral, heuristique)"
"POST","/auth/webauthn/authenticate/verify","api/routers/webauthn.py","webauthn_authentication_verify","auth","AUCUNE DÉPENDANCE D'AUTH DÉTECTÉE (public ou auth interne à vérifier)","get_db;webauthn_authentication_verify","","1","tests/test_webauthn_integration.py","TEST PRÉSENT MAIS NON EXÉCUTÉ dans cet audit (liaison par chemin littéral, heuristique)"
"GET","/auth/webauthn/credentials","api/routers/webauthn.py","list_webauthn_credentials","auth","AUCUNE DÉPENDANCE D'AUTH DÉTECTÉE (public ou auth interne à vérifier)",";get_current_user_any_consent_status;get_db;list_webauthn_credentials","","1","tests/test_webauthn_integration.py","TEST PRÉSENT MAIS NON EXÉCUTÉ dans cet audit (liaison par chemin littéral, heuristique)"
"DELETE","/auth/webauthn/credentials/{credential_id}","api/routers/webauthn.py","delete_webauthn_credential","auth","AUCUNE DÉPENDANCE D'AUTH DÉTECTÉE (public ou auth interne à vérifier)",";delete_webauthn_credential;get_current_user_any_consent_status;get_db","","1","tests/test_webauthn_integration.py","TEST PRÉSENT MAIS NON EXÉCUTÉ dans cet audit (liaison par chemin littéral, heuristique)"
"POST","/auth/webauthn/register/options","api/routers/webauthn.py","webauthn_registration_options","auth","AUCUNE DÉPENDANCE D'AUTH DÉTECTÉE (public ou auth interne à vérifier)",";get_current_user_any_consent_status;get_db;webauthn_registration_options","","1","tests/test_webauthn_integration.py","TEST PRÉSENT MAIS NON EXÉCUTÉ dans cet audit (liaison par chemin littéral, heuristique)"
"POST","/auth/webauthn/register/verify","api/routers/webauthn.py","webauthn_registration_verify","auth","AUCUNE DÉPENDANCE D'AUTH DÉTECTÉE (public ou auth interne à vérifier)",";get_current_user_any_consent_status;get_db;webauthn_registration_verify","","1","tests/test_webauthn_integration.py","TEST PRÉSENT MAIS NON EXÉCUTÉ dans cet audit (liaison par chemin littéral, heuristique)"
"DELETE","/autonomous-agents/{agent_id}","api/routers/autonomous_agents.py","delete_autonomous_agent_endpoint","autonomous-agents","require_autonomous_agent_admin; utilisateur connecté",";delete_autonomous_agent_endpoint;get_current_user;get_current_user_any_consent_status;get_db;require_autonomous_agent_admin","","4","tests/backend/autonomous/test_autonomous_agents.py;tests/backend/autonomous/test_autonomous_collaboration.py;tests/backend/autonomous/test_autonomous_cost.py;tests/backend/autonomous/test_autonomous_memory.py","TEST PRÉSENT MAIS NON EXÉCUTÉ dans cet audit (liaison par chemin littéral, heuristique)"
"GET","/autonomous-agents/{agent_id}","api/routers/autonomous_agents.py","get_autonomous_agent_endpoint","autonomous-agents","require_autonomous_agent_member; utilisateur connecté",";get_autonomous_agent_endpoint;get_current_user;get_current_user_any_consent_status;get_db;require_autonomous_agent_member","","4","tests/backend/autonomous/test_autonomous_agents.py;tests/backend/autonomous/test_autonomous_collaboration.py;tests/backend/autonomous/test_autonomous_cost.py;tests/backend/autonomous/test_autonomous_memory.py","TEST PRÉSENT MAIS NON EXÉCUTÉ dans cet audit (liaison par chemin littéral, heuristique)"
"PATCH","/autonomous-agents/{agent_id}","api/routers/autonomous_agents.py","update_autonomous_agent_endpoint","autonomous-agents","require_autonomous_agent_admin; utilisateur connecté",";get_current_user;get_current_user_any_consent_status;get_db;require_autonomous_agent_admin;update_autonomous_agent_endpoint","","4","tests/backend/autonomous/test_autonomous_agents.py;tests/backend/autonomous/test_autonomous_collaboration.py;tests/backend/autonomous/test_autonomous_cost.py;tests/backend/autonomous/test_autonomous_memory.py","TEST PRÉSENT MAIS NON EXÉCUTÉ dans cet audit (liaison par chemin littéral, heuristique)"
"POST","/autonomous-agents/{agent_id}/collaborate","api/routers/autonomous_agents.py","collaborate_endpoint","autonomous-agents","require_autonomous_agent_member; utilisateur connecté",";collaborate_endpoint;get_current_user;get_current_user_any_consent_status;get_db;require_autonomous_agent_member","","1","tests/backend/autonomous/test_autonomous_collaboration.py","TEST PRÉSENT MAIS NON EXÉCUTÉ dans cet audit (liaison par chemin littéral, heuristique)"
"GET","/autonomous-agents/{agent_id}/collaborations","api/routers/autonomous_agents.py","list_collaborations_endpoint","autonomous-agents","require_autonomous_agent_member; utilisateur connecté",";get_current_user;get_current_user_any_consent_status;get_db;list_collaborations_endpoint;require_autonomous_agent_member","","1","tests/backend/autonomous/test_autonomous_collaboration.py","TEST PRÉSENT MAIS NON EXÉCUTÉ dans cet audit (liaison par chemin littéral, heuristique)"
"GET","/autonomous-agents/{agent_id}/cost","api/routers/autonomous_agents.py","get_autonomous_agent_cost_endpoint","autonomous-agents","require_autonomous_agent_member; utilisateur connecté",";get_autonomous_agent_cost_endpoint;get_current_user;get_current_user_any_consent_status;get_db;require_autonomous_agent_member","","1","tests/backend/autonomous/test_autonomous_cost.py","TEST PRÉSENT MAIS NON EXÉCUTÉ dans cet audit (liaison par chemin littéral, heuristique)"
"GET","/autonomous-agents/{agent_id}/memory","api/routers/autonomous_agents.py","get_agent_memory_endpoint","autonomous-agents","require_autonomous_agent_member; utilisateur connecté",";get_agent_memory_endpoint;get_current_user;get_current_user_any_consent_status;get_db;require_autonomous_agent_member","","1","tests/backend/autonomous/test_autonomous_memory.py","TEST PRÉSENT MAIS NON EXÉCUTÉ dans cet audit (liaison par chemin littéral, heuristique)"
"POST","/autonomous-agents/{agent_id}/memory","api/routers/autonomous_agents.py","add_agent_memory_endpoint","autonomous-agents","require_autonomous_agent_member; utilisateur connecté",";add_agent_memory_endpoint;get_current_user;get_current_user_any_consent_status;get_db;require_autonomous_agent_member","","1","tests/backend/autonomous/test_autonomous_memory.py","TEST PRÉSENT MAIS NON EXÉCUTÉ dans cet audit (liaison par chemin littéral, heuristique)"
"DELETE","/autonomous-agents/{agent_id}/memory/{memory_id}","api/routers/autonomous_agents.py","delete_agent_memory_endpoint","autonomous-agents","require_autonomous_agent_member; utilisateur connecté",";delete_agent_memory_endpoint;get_current_user;get_current_user_any_consent_status;get_db;require_autonomous_agent_member","","1","tests/backend/autonomous/test_autonomous_memory.py","TEST PRÉSENT MAIS NON EXÉCUTÉ dans cet audit (liaison par chemin littéral, heuristique)"
"POST","/autonomous-agents/{agent_id}/pause","api/routers/autonomous_agents.py","pause_autonomous_agent_endpoint","autonomous-agents","require_autonomous_agent_member; utilisateur connecté",";get_current_user;get_current_user_any_consent_status;get_db;pause_autonomous_agent_endpoint;require_autonomous_agent_member","","1","tests/backend/autonomous/test_autonomous_agents.py","TEST PRÉSENT MAIS NON EXÉCUTÉ dans cet audit (liaison par chemin littéral, heuristique)"
"GET","/autonomous-agents/{agent_id}/plans","api/routers/autonomous_agents.py","list_agent_plans_endpoint","autonomous-agents","require_autonomous_agent_member; utilisateur connecté",";get_current_user;get_current_user_any_consent_status;get_db;list_agent_plans_endpoint;require_autonomous_agent_member","","0","","AUCUN TEST TROUVÉ PAR L'HEURISTIQUE"
"GET","/autonomous-agents/{agent_id}/plans/{plan_id}","api/routers/autonomous_agents.py","get_agent_plan_endpoint","autonomous-agents","require_autonomous_agent_member; utilisateur connecté",";get_agent_plan_endpoint;get_current_user;get_current_user_any_consent_status;get_db;require_autonomous_agent_member","","0","","AUCUN TEST TROUVÉ PAR L'HEURISTIQUE"
"GET","/autonomous-agents/{agent_id}/plans/{plan_id}/steps","api/routers/autonomous_agents.py","list_agent_steps_endpoint","autonomous-agents","require_autonomous_agent_member; utilisateur connecté",";get_current_user;get_current_user_any_consent_status;get_db;list_agent_steps_endpoint;require_autonomous_agent_member","","0","","AUCUN TEST TROUVÉ PAR L'HEURISTIQUE"
"POST","/autonomous-agents/{agent_id}/resume","api/routers/autonomous_agents.py","resume_autonomous_agent_endpoint","autonomous-agents","require_autonomous_agent_member; utilisateur connecté",";get_current_user;get_current_user_any_consent_status;get_db;require_autonomous_agent_member;resume_autonomous_agent_endpoint","","0","","AUCUN TEST TROUVÉ PAR L'HEURISTIQUE"
"POST","/autonomous-agents/{agent_id}/run","api/routers/autonomous_agents.py","run_autonomous_agent_endpoint","autonomous-agents","require_autonomous_agent_member; utilisateur connecté",";get_current_user;get_current_user_any_consent_status;get_db;require_autonomous_agent_member;run_autonomous_agent_endpoint","","0","","AUCUN TEST TROUVÉ PAR L'HEURISTIQUE"
"GET","/autonomous-agents/{agent_id}/status","api/routers/autonomous_agents.py","get_autonomous_agent_status_endpoint","autonomous-agents","require_autonomous_agent_member; utilisateur connecté",";get_autonomous_agent_status_endpoint;get_current_user;get_current_user_any_consent_status;get_db;require_autonomous_agent_member","","1","tests/backend/autonomous/test_autonomous_agents.py","TEST PRÉSENT MAIS NON EXÉCUTÉ dans cet audit (liaison par chemin littéral, heuristique)"
"POST","/autonomous-agents/{agent_id}/stop","api/routers/autonomous_agents.py","stop_autonomous_agent_endpoint","autonomous-agents","require_autonomous_agent_member; utilisateur connecté",";get_current_user;get_current_user_any_consent_status;get_db;require_autonomous_agent_member;stop_autonomous_agent_endpoint","","1","tests/backend/autonomous/test_autonomous_agents.py","TEST PRÉSENT MAIS NON EXÉCUTÉ dans cet audit (liaison par chemin littéral, heuristique)"
"GET","/batch/jobs/{job_id}","api/routers/batch_jobs.py","get_batch_job_route","batch-jobs","utilisateur connecté",";get_batch_job_route;get_current_user;get_current_user_any_consent_status;get_db","","1","tests/test_batch_jobs.py","TEST PRÉSENT MAIS NON EXÉCUTÉ dans cet audit (liaison par chemin littéral, heuristique)"
"POST","/batch/jobs/{job_id}/cancel","api/routers/batch_jobs.py","cancel_batch_job_route","batch-jobs","utilisateur connecté",";cancel_batch_job_route;get_current_user;get_current_user_any_consent_status;get_db","","1","tests/test_batch_jobs.py","TEST PRÉSENT MAIS NON EXÉCUTÉ dans cet audit (liaison par chemin littéral, heuristique)"
"GET","/batch/jobs/{job_id}/items","api/routers/batch_jobs.py","list_batch_job_items_route","batch-jobs","utilisateur connecté",";get_current_user;get_current_user_any_consent_status;get_db;list_batch_job_items_route","","1","tests/test_batch_jobs.py","TEST PRÉSENT MAIS NON EXÉCUTÉ dans cet audit (liaison par chemin littéral, heuristique)"
"GET","/billing/display-currency","api/routers/billing.py","display_currency_endpoint","Billing","AUCUNE DÉPENDANCE D'AUTH DÉTECTÉE (public ou auth interne à vérifier)","display_currency_endpoint","","2","tests/test_display_currency.py;tests/test_no_unhandled_errors_sweep.py","TEST PRÉSENT MAIS NON EXÉCUTÉ dans cet audit (liaison par chemin littéral, heuristique)"
"POST","/billing/paystack/webhook","api/routers/billing.py","paystack_webhook_endpoint","Billing","AUCUNE DÉPENDANCE D'AUTH DÉTECTÉE (public ou auth interne à vérifier)","get_db;paystack_webhook_endpoint","","3","tests/test_billing.py;tests/test_no_unhandled_errors_sweep.py;tests/test_p1_sadm005_route_audit.py","TEST PRÉSENT MAIS NON EXÉCUTÉ dans cet audit (liaison par chemin littéral, heuristique)"
"GET","/billing/plans","api/routers/billing.py","list_plans_endpoint","Billing","AUCUNE DÉPENDANCE D'AUTH DÉTECTÉE (public ou auth interne à vérifier)","get_db;list_plans_endpoint","","3","tests/test_billing.py;tests/test_no_unhandled_errors_sweep.py;tests/test_p1_billing_integrity.py","TEST PRÉSENT MAIS NON EXÉCUTÉ dans cet audit (liaison par chemin littéral, heuristique)"
"GET","/billing/plans/{plan_id}","api/routers/billing.py","get_plan_endpoint","Billing","AUCUNE DÉPENDANCE D'AUTH DÉTECTÉE (public ou auth interne à vérifier)","get_db;get_plan_endpoint","","2","tests/test_billing.py;tests/test_no_unhandled_errors_sweep.py","TEST PRÉSENT MAIS NON EXÉCUTÉ dans cet audit (liaison par chemin littéral, heuristique)"
"POST","/billing/stripe/webhook","api/routers/billing.py","stripe_webhook_endpoint","Billing","AUCUNE DÉPENDANCE D'AUTH DÉTECTÉE (public ou auth interne à vérifier)","get_db;stripe_webhook_endpoint","","5","tests/test_billing.py;tests/test_no_unhandled_errors_sweep.py;tests/test_p1_bill003_005_006_stripe_chain.py;tests/test_p1_sadm005_route_audit.py","TEST PRÉSENT MAIS NON EXÉCUTÉ dans cet audit (liaison par chemin littéral, heuristique)"
"GET","/chat/stream","api/routers/chat_stream.py","stream_chat_get_endpoint","chat-stream","utilisateur connecté",";get_current_user;get_current_user_any_consent_status;get_db;stream_chat_get_endpoint","","4","tests/test_chat_stream_policy_wiring.py;tests/test_llm_sampling_params.py;tests/test_p0_chat_conversation_isolation.py;tests/test_p1_chat_stream_refusal.py","TEST PRÉSENT MAIS NON EXÉCUTÉ dans cet audit (liaison par chemin littéral, heuristique)"
"POST","/chat/stream","api/routers/chat_stream.py","stream_chat_post_endpoint","chat-stream","utilisateur connecté",";get_current_user;get_current_user_any_consent_status;get_db;stream_chat_post_endpoint","","4","tests/test_chat_stream_policy_wiring.py;tests/test_llm_sampling_params.py;tests/test_p0_chat_conversation_isolation.py;tests/test_p1_chat_stream_refusal.py","TEST PRÉSENT MAIS NON EXÉCUTÉ dans cet audit (liaison par chemin littéral, heuristique)"
"GET","/citations/{citation_id}","api/routers/citations.py","get_citation_endpoint","citations","require_citation_member; utilisateur connecté",";get_citation_endpoint;get_current_user;get_current_user_any_consent_status;get_db;require_citation_member","","8","tests/test_audit_tenant_isolation.py;tests/test_citation_chunk.py;tests/test_citation_documents.py;tests/test_citation_location.py","TEST PRÉSENT MAIS NON EXÉCUTÉ dans cet audit (liaison par chemin littéral, heuristique)"
"GET","/comparisons/{comparison_id}","api/routers/comparison_jobs.py","get_model_comparison_endpoint","comparison-jobs","require_comparison_admin; utilisateur connecté",";get_current_user;get_current_user_any_consent_status;get_db;get_model_comparison_endpoint;require_comparison_admin","","1","tests/test_comparison_jobs_endpoints.py","TEST PRÉSENT MAIS NON EXÉCUTÉ dans cet audit (liaison par chemin littéral, heuristique)"
"GET","/comparisons/{comparison_id}/results","api/routers/comparison_jobs.py","get_model_comparison_results_endpoint","comparison-jobs","require_comparison_admin; utilisateur connecté",";get_current_user;get_current_user_any_consent_status;get_db;get_model_comparison_results_endpoint;require_comparison_admin","","1","tests/test_comparison_jobs_endpoints.py","TEST PRÉSENT MAIS NON EXÉCUTÉ dans cet audit (liaison par chemin littéral, heuristique)"
"POST","/comparisons/{comparison_id}/run","api/routers/comparison_jobs.py","run_model_comparison_endpoint","comparison-jobs","require_comparison_admin; utilisateur connecté",";get_current_user;get_current_user_any_consent_status;get_db;require_comparison_admin;run_model_comparison_endpoint","","1","tests/test_comparison_jobs_endpoints.py","TEST PRÉSENT MAIS NON EXÉCUTÉ dans cet audit (liaison par chemin littéral, heuristique)"
"GET","/compliance/consent","api/routers/compliance.py","get_consents_endpoint","Compliance","utilisateur connecté",";get_consents_endpoint;get_current_user;get_current_user_any_consent_status;get_db","","1","tests/test_compliance.py","TEST PRÉSENT MAIS NON EXÉCUTÉ dans cet audit (liaison par chemin littéral, heuristique)"
"POST","/compliance/consent","api/routers/compliance.py","record_consent_endpoint","Compliance","utilisateur connecté",";get_current_user;get_current_user_any_consent_status;get_db;record_consent_endpoint","","1","tests/test_compliance.py","TEST PRÉSENT MAIS NON EXÉCUTÉ dans cet audit (liaison par chemin littéral, heuristique)"
"DELETE","/compliance/consent/{consent_type}","api/routers/compliance.py","withdraw_consent_endpoint","Compliance","utilisateur connecté",";get_current_user;get_current_user_any_consent_status;get_db;withdraw_consent_endpoint","","0","","AUCUN TEST TROUVÉ PAR L'HEURISTIQUE"
"POST","/compliance/data-breach","api/routers/compliance.py","declare_data_breach_endpoint","Compliance","SUPERADMIN; utilisateur connecté",";declare_data_breach_endpoint;get_current_user;get_current_user_any_consent_status;get_db;require_superadmin","","1","tests/test_compliance.py","TEST PRÉSENT MAIS NON EXÉCUTÉ dans cet audit (liaison par chemin littéral, heuristique)"
"POST","/compliance/data-deletion","api/routers/compliance.py","request_data_deletion_endpoint","Compliance","AUCUNE DÉPENDANCE D'AUTH DÉTECTÉE (public ou auth interne à vérifier)","request_data_deletion_endpoint","","1","tests/test_no_unhandled_errors_sweep.py","TEST PRÉSENT MAIS NON EXÉCUTÉ dans cet audit (liaison par chemin littéral, heuristique)"
"GET","/compliance/data-export","api/routers/compliance.py","data_export_endpoint","Compliance","utilisateur connecté",";data_export_endpoint;get_current_user;get_current_user_any_consent_status;get_db","","1","tests/test_compliance.py","TEST PRÉSENT MAIS NON EXÉCUTÉ dans cet audit (liaison par chemin littéral, heuristique)"
"GET","/compliance/data-requests","api/routers/compliance.py","list_data_requests_endpoint","Compliance","ADMIN plateforme; utilisateur connecté",";get_current_user;get_current_user_any_consent_status;get_db;list_data_requests_endpoint;require_admin","","1","tests/test_compliance.py","TEST PRÉSENT MAIS NON EXÉCUTÉ dans cet audit (liaison par chemin littéral, heuristique)"
"POST","/compliance/data-requests","api/routers/compliance.py","create_data_request_endpoint","Compliance","utilisateur connecté",";create_data_request_endpoint;get_current_user;get_current_user_any_consent_status;get_db","","1","tests/test_compliance.py","TEST PRÉSENT MAIS NON EXÉCUTÉ dans cet audit (liaison par chemin littéral, heuristique)"
"GET","/compliance/data-requests/{request_id}","api/routers/compliance.py","get_data_request_endpoint","Compliance","utilisateur connecté",";get_current_user;get_current_user_any_consent_status;get_data_request_endpoint;get_db","","1","tests/test_compliance.py","TEST PRÉSENT MAIS NON EXÉCUTÉ dans cet audit (liaison par chemin littéral, heuristique)"
"PATCH","/compliance/data-requests/{request_id}","api/routers/compliance.py","update_data_request_endpoint","Compliance","ADMIN plateforme; utilisateur connecté",";get_current_user;get_current_user_any_consent_status;get_db;require_admin;update_data_request_endpoint","","1","tests/test_compliance.py","TEST PRÉSENT MAIS NON EXÉCUTÉ dans cet audit (liaison par chemin littéral, heuristique)"
"POST","/compliance/data-requests/{request_id}/process","api/routers/compliance.py","process_data_request_endpoint","Compliance","ADMIN plateforme; utilisateur connecté",";get_current_user;get_current_user_any_consent_status;get_db;process_data_request_endpoint;require_admin","","1","tests/test_compliance.py","TEST PRÉSENT MAIS NON EXÉCUTÉ dans cet audit (liaison par chemin littéral, heuristique)"
"GET","/compliance/report","api/routers/compliance.py","compliance_report_endpoint","Compliance","ADMIN plateforme; utilisateur connecté",";compliance_report_endpoint;get_current_user;get_current_user_any_consent_status;get_db;require_admin","","0","","AUCUN TEST TROUVÉ PAR L'HEURISTIQUE"
"GET","/compliance/status","api/routers/compliance.py","compliance_status_endpoint","Compliance","ADMIN plateforme; utilisateur connecté",";compliance_status_endpoint;get_current_user;get_current_user_any_consent_status;get_db;require_admin","","1","tests/test_compliance.py","TEST PRÉSENT MAIS NON EXÉCUTÉ dans cet audit (liaison par chemin littéral, heuristique)"
"GET","/conversations","api/routers/conversations.py","list_conversations_endpoint","conversations","utilisateur connecté",";get_current_user;get_current_user_any_consent_status;get_db;list_conversations_endpoint","","13","tests/test_conversation_export.py;tests/test_conversation_idor.py;tests/test_conversation_management.py;tests/test_conversation_sharing.py","TEST PRÉSENT MAIS NON EXÉCUTÉ dans cet audit (liaison par chemin littéral, heuristique)"
"POST","/conversations","api/routers/conversations.py","create_conversation_endpoint","conversations","utilisateur connecté",";create_conversation_endpoint;get_current_user;get_current_user_any_consent_status;get_db","","13","tests/test_conversation_export.py;tests/test_conversation_idor.py;tests/test_conversation_management.py;tests/test_conversation_sharing.py","TEST PRÉSENT MAIS NON EXÉCUTÉ dans cet audit (liaison par chemin littéral, heuristique)"
"GET","/conversations/deleted","api/routers/conversations.py","list_deleted_conversations_endpoint","conversations","utilisateur connecté",";get_current_user;get_current_user_any_consent_status;get_db;list_deleted_conversations_endpoint","","1","tests/test_p2_malformed_inputs.py","TEST PRÉSENT MAIS NON EXÉCUTÉ dans cet audit (liaison par chemin littéral, heuristique)"
"GET","/conversations/public","api/routers/conversations.py","list_public_conversations_endpoint","conversations","utilisateur connecté",";get_current_user;get_current_user_any_consent_status;get_db;list_public_conversations_endpoint","","1","tests/test_p2_malformed_inputs.py","TEST PRÉSENT MAIS NON EXÉCUTÉ dans cet audit (liaison par chemin littéral, heuristique)"
"GET","/conversations/search","api/routers/conversations.py","search_conversations_endpoint","conversations","utilisateur connecté",";get_current_user;get_current_user_any_consent_status;get_db;search_conversations_endpoint","","1","tests/test_conversation_management.py","TEST PRÉSENT MAIS NON EXÉCUTÉ dans cet audit (liaison par chemin littéral, heuristique)"
"GET","/conversations/stats","api/routers/conversations.py","get_conversation_stats_endpoint","conversations","utilisateur connecté",";get_conversation_stats_endpoint;get_current_user;get_current_user_any_consent_status;get_db","","0","","AUCUN TEST TROUVÉ PAR L'HEURISTIQUE"
"DELETE","/conversations/{conversation_id}","api/routers/conversations.py","delete_conversation_endpoint","conversations","utilisateur connecté",";delete_conversation_endpoint;get_current_user;get_current_user_any_consent_status;get_db","","9","tests/test_conversation_export.py;tests/test_conversation_idor.py;tests/test_conversation_management.py;tests/test_conversation_sharing.py","TEST PRÉSENT MAIS NON EXÉCUTÉ dans cet audit (liaison par chemin littéral, heuristique)"
"GET","/conversations/{conversation_id}","api/routers/conversations.py","get_conversation_endpoint","conversations","utilisateur connecté",";get_conversation_endpoint;get_current_user;get_current_user_any_consent_status;get_db","","9","tests/test_conversation_export.py;tests/test_conversation_idor.py;tests/test_conversation_management.py;tests/test_conversation_sharing.py","TEST PRÉSENT MAIS NON EXÉCUTÉ dans cet audit (liaison par chemin littéral, heuristique)"
"PATCH","/conversations/{conversation_id}","api/routers/conversations.py","update_conversation_title_endpoint","conversations","utilisateur connecté",";get_current_user;get_current_user_any_consent_status;get_db;update_conversation_title_endpoint","","9","tests/test_conversation_export.py;tests/test_conversation_idor.py;tests/test_conversation_management.py;tests/test_conversation_sharing.py","TEST PRÉSENT MAIS NON EXÉCUTÉ dans cet audit (liaison par chemin littéral, heuristique)"
"POST","/conversations/{conversation_id}/archive","api/routers/conversations.py","archive_conversation_endpoint","conversations","utilisateur connecté",";archive_conversation_endpoint;get_current_user;get_current_user_any_consent_status;get_db","","1","tests/test_conversations.py","TEST PRÉSENT MAIS NON EXÉCUTÉ dans cet audit (liaison par chemin littéral, heuristique)"
"GET","/conversations/{conversation_id}/export/docx","api/routers/conversations.py","export_conversation_docx_endpoint","conversations","utilisateur connecté",";export_conversation_docx_endpoint;get_current_user;get_current_user_any_consent_status;get_db","","1","tests/test_conversation_export.py","TEST PRÉSENT MAIS NON EXÉCUTÉ dans cet audit (liaison par chemin littéral, heuristique)"
"GET","/conversations/{conversation_id}/export/json","api/routers/conversations.py","export_conversation_json_endpoint","conversations","utilisateur connecté",";export_conversation_json_endpoint;get_current_user;get_current_user_any_consent_status;get_db","","3","tests/test_conversation_export.py;tests/test_conversation_idor.py;tests/test_p0_chat_conversation_isolation.py","TEST PRÉSENT MAIS NON EXÉCUTÉ dans cet audit (liaison par chemin littéral, heuristique)"
"GET","/conversations/{conversation_id}/export/markdown","api/routers/conversations.py","export_conversation_markdown_endpoint","conversations","utilisateur connecté",";export_conversation_markdown_endpoint;get_current_user;get_current_user_any_consent_status;get_db","","1","tests/test_conversation_export.py","TEST PRÉSENT MAIS NON EXÉCUTÉ dans cet audit (liaison par chemin littéral, heuristique)"
"GET","/conversations/{conversation_id}/export/pdf","api/routers/conversations.py","export_conversation_pdf_endpoint","conversations","utilisateur connecté",";export_conversation_pdf_endpoint;get_current_user;get_current_user_any_consent_status;get_db","","0","","AUCUN TEST TROUVÉ PAR L'HEURISTIQUE"
"GET","/conversations/{conversation_id}/messages","api/routers/conversations.py","list_conversation_messages_endpoint","conversations","utilisateur connecté",";get_current_user;get_current_user_any_consent_status;get_db;list_conversation_messages_endpoint","","6","tests/test_conversation_export.py;tests/test_conversation_idor.py;tests/test_conversations.py;tests/test_message_actions.py","TEST PRÉSENT MAIS NON EXÉCUTÉ dans cet audit (liaison par chemin littéral, heuristique)"
"POST","/conversations/{conversation_id}/messages","api/routers/conversations.py","add_conversation_message_endpoint","conversations","utilisateur connecté",";add_conversation_message_endpoint;get_current_user;get_current_user_any_consent_status;get_db","","6","tests/test_conversation_export.py;tests/test_conversation_idor.py;tests/test_conversations.py;tests/test_message_actions.py","TEST PRÉSENT MAIS NON EXÉCUTÉ dans cet audit (liaison par chemin littéral, heuristique)"
"PATCH","/conversations/{conversation_id}/messages/{message_id}","api/routers/conversations.py","update_message_endpoint","conversations","utilisateur connecté",";get_current_user;get_current_user_any_consent_status;get_db;update_message_endpoint","","3","tests/test_conversation_idor.py;tests/test_message_actions.py;tests/test_p0_chat_conversation_isolation.py","TEST PRÉSENT MAIS NON EXÉCUTÉ dans cet audit (liaison par chemin littéral, heuristique)"
"POST","/conversations/{conversation_id}/messages/{message_id}/edit","api/routers/conversations.py","edit_and_regenerate_message_endpoint","conversations","utilisateur connecté",";edit_and_regenerate_message_endpoint;get_current_user;get_current_user_any_consent_status;get_db","","2","tests/test_conversation_idor.py;tests/test_message_actions.py","TEST PRÉSENT MAIS NON EXÉCUTÉ dans cet audit (liaison par chemin littéral, heuristique)"
"GET","/conversations/{conversation_id}/messages/{message_id}/edit-history","api/routers/conversations.py","get_message_edit_history_endpoint","conversations","utilisateur connecté",";get_current_user;get_current_user_any_consent_status;get_db;get_message_edit_history_endpoint","","1","tests/test_conversation_idor.py","TEST PRÉSENT MAIS NON EXÉCUTÉ dans cet audit (liaison par chemin littéral, heuristique)"
"POST","/conversations/{conversation_id}/messages/{message_id}/regenerate","api/routers/conversations.py","regenerate_message_endpoint","conversations","utilisateur connecté",";get_current_user;get_current_user_any_consent_status;get_db;regenerate_message_endpoint","","2","tests/test_message_actions.py;tests/test_p0_chat_conversation_isolation.py","TEST PRÉSENT MAIS NON EXÉCUTÉ dans cet audit (liaison par chemin littéral, heuristique)"
"POST","/conversations/{conversation_id}/messages/{message_id}/retry","api/routers/conversations.py","retry_message_endpoint","conversations","utilisateur connecté",";get_current_user;get_current_user_any_consent_status;get_db;retry_message_endpoint","","2","tests/test_message_actions.py;tests/test_p0_chat_conversation_isolation.py","TEST PRÉSENT MAIS NON EXÉCUTÉ dans cet audit (liaison par chemin littéral, heuristique)"
"POST","/conversations/{conversation_id}/messages/{message_id}/revert","api/routers/conversations.py","revert_message_endpoint","conversations","utilisateur connecté",";get_current_user;get_current_user_any_consent_status;get_db;revert_message_endpoint","","0","","AUCUN TEST TROUVÉ PAR L'HEURISTIQUE"
"DELETE","/conversations/{conversation_id}/permanent","api/routers/conversations.py","permanently_delete_conversation_endpoint","conversations","utilisateur connecté",";get_current_user;get_current_user_any_consent_status;get_db;permanently_delete_conversation_endpoint","","0","","AUCUN TEST TROUVÉ PAR L'HEURISTIQUE"
"POST","/conversations/{conversation_id}/restore","api/routers/conversations.py","restore_conversation_endpoint","conversations","utilisateur connecté",";get_current_user;get_current_user_any_consent_status;get_db;restore_conversation_endpoint","","1","tests/test_conversation_management.py","TEST PRÉSENT MAIS NON EXÉCUTÉ dans cet audit (liaison par chemin littéral, heuristique)"
"POST","/conversations/{conversation_id}/share","api/routers/conversations.py","create_share_link_endpoint","conversations","utilisateur connecté",";create_share_link_endpoint;get_current_user;get_current_user_any_consent_status;get_db","","1","tests/test_conversation_sharing.py","TEST PRÉSENT MAIS NON EXÉCUTÉ dans cet audit (liaison par chemin littéral, heuristique)"
"GET","/conversations/{conversation_id}/shares","api/routers/conversations.py","list_share_links_endpoint","conversations","utilisateur connecté",";get_current_user;get_current_user_any_consent_status;get_db;list_share_links_endpoint","","1","tests/test_conversation_sharing.py","TEST PRÉSENT MAIS NON EXÉCUTÉ dans cet audit (liaison par chemin littéral, heuristique)"
"PATCH","/conversations/{conversation_id}/visibility","api/routers/conversations.py","update_conversation_visibility_endpoint","conversations","utilisateur connecté",";get_current_user;get_current_user_any_consent_status;get_db;update_conversation_visibility_endpoint","","0","","AUCUN TEST TROUVÉ PAR L'HEURISTIQUE"
"GET","/conversations/{conversation_id}/voice-messages","api/routers/voice_messages.py","list_voice_messages_endpoint","voice-messages","utilisateur connecté",";get_current_user;get_current_user_any_consent_status;get_db;list_voice_messages_endpoint","","0","","AUCUN TEST TROUVÉ PAR L'HEURISTIQUE"
"DELETE","/custom-tools/{tool_id}","api/routers/custom_tools.py","delete_custom_tool_endpoint","custom-tools","require_custom_tool_manager; utilisateur connecté",";delete_custom_tool_endpoint;get_current_user;get_current_user_any_consent_status;get_db;require_custom_tool_manager","","1","tests/test_custom_tools.py","TEST PRÉSENT MAIS NON EXÉCUTÉ dans cet audit (liaison par chemin littéral, heuristique)"
"GET","/custom-tools/{tool_id}","api/routers/custom_tools.py","get_custom_tool_endpoint","custom-tools","require_custom_tool_member; utilisateur connecté",";get_current_user;get_current_user_any_consent_status;get_custom_tool_endpoint;get_db;require_custom_tool_member","","1","tests/test_custom_tools.py","TEST PRÉSENT MAIS NON EXÉCUTÉ dans cet audit (liaison par chemin littéral, heuristique)"
"PATCH","/custom-tools/{tool_id}","api/routers/custom_tools.py","update_custom_tool_endpoint","custom-tools","require_custom_tool_manager; utilisateur connecté",";get_current_user;get_current_user_any_consent_status;get_db;require_custom_tool_manager;update_custom_tool_endpoint","","1","tests/test_custom_tools.py","TEST PRÉSENT MAIS NON EXÉCUTÉ dans cet audit (liaison par chemin littéral, heuristique)"
"POST","/custom-tools/{tool_id}/execute","api/routers/custom_tools.py","execute_custom_tool_endpoint","custom-tools","require_custom_tool_member; utilisateur connecté",";execute_custom_tool_endpoint;get_current_user;get_current_user_any_consent_status;get_db;require_custom_tool_member","","1","tests/test_custom_tools.py","TEST PRÉSENT MAIS NON EXÉCUTÉ dans cet audit (liaison par chemin littéral, heuristique)"
"DELETE","/datasets/{dataset_id}","api/routers/evaluation_datasets.py","delete_dataset_endpoint","evaluation-datasets","require_dataset_admin; utilisateur connecté",";delete_dataset_endpoint;get_current_user;get_current_user_any_consent_status;get_db;require_dataset_admin","","12","tests/backend/fine-tuning/test_fine_tuning_datasets.py;tests/test_benchmark_versions_endpoints.py;tests/test_comparison_jobs_endpoints.py;tests/test_evaluation_comparisons_endpoints.py","TEST PRÉSENT MAIS NON EXÉCUTÉ dans cet audit (liaison par chemin littéral, heuristique)"
"GET","/datasets/{dataset_id}","api/routers/evaluation_datasets.py","get_dataset_endpoint","evaluation-datasets","require_dataset_admin; utilisateur connecté",";get_current_user;get_current_user_any_consent_status;get_dataset_endpoint;get_db;require_dataset_admin","","12","tests/backend/fine-tuning/test_fine_tuning_datasets.py;tests/test_benchmark_versions_endpoints.py;tests/test_comparison_jobs_endpoints.py;tests/test_evaluation_comparisons_endpoints.py","TEST PRÉSENT MAIS NON EXÉCUTÉ dans cet audit (liaison par chemin littéral, heuristique)"
"PATCH","/datasets/{dataset_id}","api/routers/evaluation_datasets.py","update_dataset_endpoint","evaluation-datasets","require_dataset_admin; utilisateur connecté",";get_current_user;get_current_user_any_consent_status;get_db;require_dataset_admin;update_dataset_endpoint","","12","tests/backend/fine-tuning/test_fine_tuning_datasets.py;tests/test_benchmark_versions_endpoints.py;tests/test_comparison_jobs_endpoints.py;tests/test_evaluation_comparisons_endpoints.py","TEST PRÉSENT MAIS NON EXÉCUTÉ dans cet audit (liaison par chemin littéral, heuristique)"
"POST","/datasets/{dataset_id}/compare","api/routers/comparison_jobs.py","create_model_comparison_endpoint","comparison-jobs","require_dataset_admin; utilisateur connecté",";create_model_comparison_endpoint;get_current_user;get_current_user_any_consent_status;get_db;require_dataset_admin","","1","tests/test_comparison_jobs_endpoints.py","TEST PRÉSENT MAIS NON EXÉCUTÉ dans cet audit (liaison par chemin littéral, heuristique)"
"GET","/datasets/{dataset_id}/comparisons","api/routers/comparison_jobs.py","list_model_comparisons_endpoint","comparison-jobs","require_dataset_admin; utilisateur connecté",";get_current_user;get_current_user_any_consent_status;get_db;list_model_comparisons_endpoint;require_dataset_admin","","0","","AUCUN TEST TROUVÉ PAR L'HEURISTIQUE"
"POST","/datasets/{dataset_id}/evaluate","api/routers/evaluation_jobs.py","create_evaluation_job_endpoint","evaluation-jobs","require_dataset_admin; utilisateur connecté",";create_evaluation_job_endpoint;get_current_user;get_current_user_any_consent_status;get_db;require_dataset_admin","","2","tests/test_evaluation_idor.py;tests/test_evaluation_jobs_endpoints.py","TEST PRÉSENT MAIS NON EXÉCUTÉ dans cet audit (liaison par chemin littéral, heuristique)"
"GET","/datasets/{dataset_id}/evaluations/stats","api/routers/manual_evaluations.py","get_manual_evaluation_stats_endpoint","manual-evaluations","require_dataset_admin; utilisateur connecté",";get_current_user;get_current_user_any_consent_status;get_db;get_manual_evaluation_stats_endpoint;require_dataset_admin","","1","tests/test_manual_evaluations_endpoints.py","TEST PRÉSENT MAIS NON EXÉCUTÉ dans cet audit (liaison par chemin littéral, heuristique)"
"GET","/datasets/{dataset_id}/jobs","api/routers/evaluation_jobs.py","list_evaluation_jobs_endpoint","evaluation-jobs","require_dataset_admin; utilisateur connecté",";get_current_user;get_current_user_any_consent_status;get_db;list_evaluation_jobs_endpoint;require_dataset_admin","","1","tests/test_evaluation_jobs_endpoints.py","TEST PRÉSENT MAIS NON EXÉCUTÉ dans cet audit (liaison par chemin littéral, heuristique)"
"GET","/datasets/{dataset_id}/metrics/{metric}","api/routers/evaluation_results.py","get_metrics_summary_endpoint","evaluation-results","require_dataset_admin; utilisateur connecté",";get_current_user;get_current_user_any_consent_status;get_db;get_metrics_summary_endpoint;require_dataset_admin","","1","tests/test_evaluation_results_endpoints.py","TEST PRÉSENT MAIS NON EXÉCUTÉ dans cet audit (liaison par chemin littéral, heuristique)"
"POST","/datasets/{dataset_id}/prompts/compare","api/routers/comparison_jobs.py","create_prompt_comparison_endpoint","comparison-jobs","require_dataset_admin; utilisateur connecté",";create_prompt_comparison_endpoint;get_current_user;get_current_user_any_consent_status;get_db;require_dataset_admin","","1","tests/test_comparison_jobs_endpoints.py","TEST PRÉSENT MAIS NON EXÉCUTÉ dans cet audit (liaison par chemin littéral, heuristique)"
"GET","/datasets/{dataset_id}/prompts/comparisons","api/routers/comparison_jobs.py","list_prompt_comparisons_endpoint","comparison-jobs","require_dataset_admin; utilisateur connecté",";get_current_user;get_current_user_any_consent_status;get_db;list_prompt_comparisons_endpoint;require_dataset_admin","","0","","AUCUN TEST TROUVÉ PAR L'HEURISTIQUE"
"GET","/datasets/{dataset_id}/questions","api/routers/evaluation_datasets.py","get_questions_endpoint","evaluation-datasets","require_dataset_admin; utilisateur connecté",";get_current_user;get_current_user_any_consent_status;get_db;get_questions_endpoint;require_dataset_admin","","7","tests/test_benchmark_versions_endpoints.py;tests/test_evaluation_comparisons_endpoints.py;tests/test_evaluation_datasets_endpoints.py;tests/test_evaluation_results_endpoints.py","TEST PRÉSENT MAIS NON EXÉCUTÉ dans cet audit (liaison par chemin littéral, heuristique)"
"POST","/datasets/{dataset_id}/questions","api/routers/evaluation_datasets.py","add_question_endpoint","evaluation-datasets","require_dataset_admin; utilisateur connecté",";add_question_endpoint;get_current_user;get_current_user_any_consent_status;get_db;require_dataset_admin","","7","tests/test_benchmark_versions_endpoints.py;tests/test_evaluation_comparisons_endpoints.py;tests/test_evaluation_datasets_endpoints.py;tests/test_evaluation_results_endpoints.py","TEST PRÉSENT MAIS NON EXÉCUTÉ dans cet audit (liaison par chemin littéral, heuristique)"
"GET","/datasets/{dataset_id}/questions/export","api/routers/evaluation_datasets.py","export_questions_endpoint","evaluation-datasets","require_dataset_admin; utilisateur connecté",";export_questions_endpoint;get_current_user;get_current_user_any_consent_status;get_db;require_dataset_admin","","1","tests/test_evaluation_datasets_endpoints.py","TEST PRÉSENT MAIS NON EXÉCUTÉ dans cet audit (liaison par chemin littéral, heuristique)"
"POST","/datasets/{dataset_id}/questions/import","api/routers/evaluation_datasets.py","import_questions_endpoint","evaluation-datasets","require_dataset_admin; utilisateur connecté",";get_current_user;get_current_user_any_consent_status;get_db;import_questions_endpoint;require_dataset_admin","","1","tests/test_evaluation_datasets_endpoints.py","TEST PRÉSENT MAIS NON EXÉCUTÉ dans cet audit (liaison par chemin littéral, heuristique)"
"GET","/datasets/{dataset_id}/regressions","api/routers/regression_detection.py","get_regressions_endpoint","regression-detection","require_dataset_admin; utilisateur connecté",";get_current_user;get_current_user_any_consent_status;get_db;get_regressions_endpoint;require_dataset_admin","","1","tests/test_regression_detection_endpoints.py","TEST PRÉSENT MAIS NON EXÉCUTÉ dans cet audit (liaison par chemin littéral, heuristique)"
"POST","/datasets/{dataset_id}/regressions/detect","api/routers/regression_detection.py","detect_regressions_endpoint","regression-detection","require_dataset_admin; utilisateur connecté",";detect_regressions_endpoint;get_current_user;get_current_user_any_consent_status;get_db;require_dataset_admin","","1","tests/test_regression_detection_endpoints.py","TEST PRÉSENT MAIS NON EXÉCUTÉ dans cet audit (liaison par chemin littéral, heuristique)"
"GET","/datasets/{dataset_id}/regressions/summary","api/routers/regression_detection.py","get_regression_summary_endpoint","regression-detection","require_dataset_admin; utilisateur connecté",";get_current_user;get_current_user_any_consent_status;get_db;get_regression_summary_endpoint;require_dataset_admin","","1","tests/test_regression_detection_endpoints.py","TEST PRÉSENT MAIS NON EXÉCUTÉ dans cet audit (liaison par chemin littéral, heuristique)"
"POST","/datasets/{dataset_id}/rerankers/compare","api/routers/comparison_jobs.py","create_reranker_comparison_endpoint","comparison-jobs","require_dataset_admin; utilisateur connecté",";create_reranker_comparison_endpoint;get_current_user;get_current_user_any_consent_status;get_db;require_dataset_admin","","1","tests/test_comparison_jobs_endpoints.py","TEST PRÉSENT MAIS NON EXÉCUTÉ dans cet audit (liaison par chemin littéral, heuristique)"
"GET","/datasets/{dataset_id}/rerankers/comparisons","api/routers/comparison_jobs.py","list_reranker_comparisons_endpoint","comparison-jobs","require_dataset_admin; utilisateur connecté",";get_current_user;get_current_user_any_consent_status;get_db;list_reranker_comparisons_endpoint;require_dataset_admin","","0","","AUCUN TEST TROUVÉ PAR L'HEURISTIQUE"
"POST","/datasets/{dataset_id}/retrievers/compare","api/routers/comparison_jobs.py","create_retriever_comparison_endpoint","comparison-jobs","require_dataset_admin; utilisateur connecté",";create_retriever_comparison_endpoint;get_current_user;get_current_user_any_consent_status;get_db;require_dataset_admin","","1","tests/test_comparison_jobs_endpoints.py","TEST PRÉSENT MAIS NON EXÉCUTÉ dans cet audit (liaison par chemin littéral, heuristique)"
"GET","/datasets/{dataset_id}/retrievers/comparisons","api/routers/comparison_jobs.py","list_retriever_comparisons_endpoint","comparison-jobs","require_dataset_admin; utilisateur connecté",";get_current_user;get_current_user_any_consent_status;get_db;list_retriever_comparisons_endpoint;require_dataset_admin","","1","tests/test_comparison_jobs_endpoints.py","TEST PRÉSENT MAIS NON EXÉCUTÉ dans cet audit (liaison par chemin littéral, heuristique)"
"GET","/datasets/{dataset_id}/sets","api/routers/question_sets.py","list_question_sets_endpoint","question-sets","require_dataset_admin; utilisateur connecté",";get_current_user;get_current_user_any_consent_status;get_db;list_question_sets_endpoint;require_dataset_admin","","2","tests/test_evaluation_comparisons_endpoints.py;tests/test_question_sets_endpoints.py","TEST PRÉSENT MAIS NON EXÉCUTÉ dans cet audit (liaison par chemin littéral, heuristique)"
"POST","/datasets/{dataset_id}/sets","api/routers/question_sets.py","create_question_set_endpoint","question-sets","require_dataset_admin; utilisateur connecté",";create_question_set_endpoint;get_current_user;get_current_user_any_consent_status;get_db;require_dataset_admin","","2","tests/test_evaluation_comparisons_endpoints.py;tests/test_question_sets_endpoints.py","TEST PRÉSENT MAIS NON EXÉCUTÉ dans cet audit (liaison par chemin littéral, heuristique)"
"GET","/datasets/{dataset_id}/versions","api/routers/benchmark_versions.py","list_benchmark_versions_endpoint","benchmark-versions","require_dataset_admin; utilisateur connecté",";get_current_user;get_current_user_any_consent_status;get_db;list_benchmark_versions_endpoint;require_dataset_admin","","1","tests/test_benchmark_versions_endpoints.py","TEST PRÉSENT MAIS NON EXÉCUTÉ dans cet audit (liaison par chemin littéral, heuristique)"
"POST","/datasets/{dataset_id}/versions","api/routers/benchmark_versions.py","create_benchmark_version_endpoint","benchmark-versions","require_dataset_admin; utilisateur connecté",";create_benchmark_version_endpoint;get_current_user;get_current_user_any_consent_status;get_db;require_dataset_admin","","1","tests/test_benchmark_versions_endpoints.py","TEST PRÉSENT MAIS NON EXÉCUTÉ dans cet audit (liaison par chemin littéral, heuristique)"
"POST","/datasets/{dataset_id}/versions/rollback","api/routers/benchmark_versions.py","rollback_to_version_endpoint","benchmark-versions","require_dataset_admin; utilisateur connecté",";get_current_user;get_current_user_any_consent_status;get_db;require_dataset_admin;rollback_to_version_endpoint","","1","tests/test_benchmark_versions_endpoints.py","TEST PRÉSENT MAIS NON EXÉCUTÉ dans cet audit (liaison par chemin littéral, heuristique)"
"GET","/deploy/evaluations/{evaluation_id}","api/routers/deployment_evaluations.py","get_deployment_evaluation_endpoint","deployment-evaluations","require_deployment_evaluation_manager; utilisateur connecté",";get_current_user;get_current_user_any_consent_status;get_db;get_deployment_evaluation_endpoint;require_deployment_evaluation_manager","","0","","AUCUN TEST TROUVÉ PAR L'HEURISTIQUE"
"POST","/deploy/evaluations/{evaluation_id}/pass","api/routers/deployment_evaluations.py","pass_deployment_evaluation_endpoint","deployment-evaluations","require_deployment_evaluation_manager; utilisateur connecté",";get_current_user;get_current_user_any_consent_status;get_db;pass_deployment_evaluation_endpoint;require_deployment_evaluation_manager","","0","","AUCUN TEST TROUVÉ PAR L'HEURISTIQUE"
"GET","/documents/outdated","api/routers/documents.py","list_outdated_documents_route","documents","utilisateur connecté",";get_current_user;get_current_user_any_consent_status;get_db;list_outdated_documents_route","","1","tests/test_documents.py","TEST PRÉSENT MAIS NON EXÉCUTÉ dans cet audit (liaison par chemin littéral, heuristique)"
"DELETE","/documents/{document_id}","api/routers/documents.py","delete_document","documents","utilisateur connecté",";delete_document;get_current_user;get_current_user_any_consent_status;get_db","","8","tests/docs/test_api_reference.py;tests/test_anonymous_endpoint_hardening.py;tests/test_audit_tenant_isolation.py;tests/test_citations.py","TEST PRÉSENT MAIS NON EXÉCUTÉ dans cet audit (liaison par chemin littéral, heuristique)"
"GET","/documents/{document_id}","api/routers/documents.py","get_document","documents","utilisateur connecté",";get_current_user;get_current_user_any_consent_status;get_db;get_document","","8","tests/docs/test_api_reference.py;tests/test_anonymous_endpoint_hardening.py;tests/test_audit_tenant_isolation.py;tests/test_citations.py","TEST PRÉSENT MAIS NON EXÉCUTÉ dans cet audit (liaison par chemin littéral, heuristique)"
"POST","/documents/{document_id}/check-modified","api/routers/documents.py","check_document_modified_route","documents","utilisateur connecté",";check_document_modified_route;get_current_user;get_current_user_any_consent_status;get_db","","1","tests/test_documents.py","TEST PRÉSENT MAIS NON EXÉCUTÉ dans cet audit (liaison par chemin littéral, heuristique)"
"GET","/documents/{document_id}/citations","api/routers/citations.py","list_citations_by_document_endpoint","citations","require_document_citations_member; utilisateur connecté",";get_current_user;get_current_user_any_consent_status;get_db;list_citations_by_document_endpoint;require_document_citations_member","","1","tests/test_citations.py","TEST PRÉSENT MAIS NON EXÉCUTÉ dans cet audit (liaison par chemin littéral, heuristique)"
"GET","/documents/{document_id}/duplicates","api/routers/documents.py","get_document_duplicates_route","documents","utilisateur connecté",";get_current_user;get_current_user_any_consent_status;get_db;get_document_duplicates_route","","1","tests/test_documents.py","TEST PRÉSENT MAIS NON EXÉCUTÉ dans cet audit (liaison par chemin littéral, heuristique)"
"GET","/documents/{document_id}/history","api/routers/documents.py","get_document_history_route","documents","utilisateur connecté",";get_current_user;get_current_user_any_consent_status;get_db;get_document_history_route","","1","tests/test_documents.py","TEST PRÉSENT MAIS NON EXÉCUTÉ dans cet audit (liaison par chemin littéral, heuristique)"
"GET","/documents/{document_id}/images","api/routers/documents.py","list_document_images_route","documents","utilisateur connecté",";get_current_user;get_current_user_any_consent_status;get_db;list_document_images_route","","1","tests/test_documents.py","TEST PRÉSENT MAIS NON EXÉCUTÉ dans cet audit (liaison par chemin littéral, heuristique)"
"GET","/documents/{document_id}/metadata","api/routers/documents.py","get_document_metadata","documents","utilisateur connecté",";get_current_user;get_current_user_any_consent_status;get_db;get_document_metadata","","1","tests/test_documents.py","TEST PRÉSENT MAIS NON EXÉCUTÉ dans cet audit (liaison par chemin littéral, heuristique)"
"DELETE","/documents/{document_id}/permanent","api/routers/documents.py","permanently_delete_document","documents","utilisateur connecté",";get_current_user;get_current_user_any_consent_status;get_db;permanently_delete_document","","1","tests/test_documents.py","TEST PRÉSENT MAIS NON EXÉCUTÉ dans cet audit (liaison par chemin littéral, heuristique)"
"GET","/documents/{document_id}/preview","api/routers/documents.py","preview_document","documents","utilisateur connecté",";get_current_user;get_current_user_any_consent_status;get_db;preview_document","","1","tests/test_documents.py","TEST PRÉSENT MAIS NON EXÉCUTÉ dans cet audit (liaison par chemin littéral, heuristique)"
"GET","/documents/{document_id}/progress","api/routers/documents.py","get_document_processing_progress","documents","utilisateur connecté",";get_current_user;get_current_user_any_consent_status;get_db;get_document_processing_progress","","1","tests/test_documents.py","TEST PRÉSENT MAIS NON EXÉCUTÉ dans cet audit (liaison par chemin littéral, heuristique)"
"GET","/documents/{document_id}/progress/stream","api/routers/documents.py","stream_document_processing_progress","documents","utilisateur connecté",";get_current_user;get_current_user_any_consent_status;get_db;stream_document_processing_progress","","1","tests/test_documents.py","TEST PRÉSENT MAIS NON EXÉCUTÉ dans cet audit (liaison par chemin littéral, heuristique)"
"POST","/documents/{document_id}/reindex","api/routers/documents.py","reindex_document_route","documents","utilisateur connecté",";get_current_user;get_current_user_any_consent_status;get_db;reindex_document_route","","3","tests/test_anonymous_endpoint_hardening.py;tests/test_document_idor.py;tests/test_documents.py","TEST PRÉSENT MAIS NON EXÉCUTÉ dans cet audit (liaison par chemin littéral, heuristique)"
"POST","/documents/{document_id}/reindex-sync","api/routers/documents_sync.py","reindex_document_sync","documents-sync","utilisateur connecté",";get_current_user;get_current_user_any_consent_status;get_db;reindex_document_sync","","1","tests/test_anonymous_endpoint_hardening.py","TEST PRÉSENT MAIS NON EXÉCUTÉ dans cet audit (liaison par chemin littéral, heuristique)"
"POST","/documents/{document_id}/replace","api/routers/documents.py","replace_document_route","documents","utilisateur connecté",";get_current_user;get_current_user_any_consent_status;get_db;replace_document_route","","1","tests/test_documents.py","TEST PRÉSENT MAIS NON EXÉCUTÉ dans cet audit (liaison par chemin littéral, heuristique)"
"GET","/documents/{document_id}/status","api/routers/documents.py","get_document_status_route","documents","utilisateur connecté",";get_current_user;get_current_user_any_consent_status;get_db;get_document_status_route","","1","tests/test_documents.py","TEST PRÉSENT MAIS NON EXÉCUTÉ dans cet audit (liaison par chemin littéral, heuristique)"
"GET","/documents/{document_id}/tags","api/routers/documents.py","get_document_tags","documents","utilisateur connecté",";get_current_user;get_current_user_any_consent_status;get_db;get_document_tags","","1","tests/test_documents.py","TEST PRÉSENT MAIS NON EXÉCUTÉ dans cet audit (liaison par chemin littéral, heuristique)"
"POST","/documents/{document_id}/tags","api/routers/documents.py","add_tag_to_document","documents","utilisateur connecté",";add_tag_to_document;get_current_user;get_current_user_any_consent_status;get_db","","1","tests/test_documents.py","TEST PRÉSENT MAIS NON EXÉCUTÉ dans cet audit (liaison par chemin littéral, heuristique)"
"DELETE","/documents/{document_id}/tags/{tag_id}","api/routers/documents.py","remove_tag_from_document","documents","utilisateur connecté",";get_current_user;get_current_user_any_consent_status;get_db;remove_tag_from_document","","1","tests/test_documents.py","TEST PRÉSENT MAIS NON EXÉCUTÉ dans cet audit (liaison par chemin littéral, heuristique)"
"GET","/documents/{document_id}/versions","api/routers/documents.py","list_document_versions","documents","utilisateur connecté",";get_current_user;get_current_user_any_consent_status;get_db;list_document_versions","","1","tests/test_documents.py","TEST PRÉSENT MAIS NON EXÉCUTÉ dans cet audit (liaison par chemin littéral, heuristique)"
"POST","/documents/{document_id}/versions","api/routers/documents.py","create_new_document_version","documents","utilisateur connecté",";create_new_document_version;get_current_user;get_current_user_any_consent_status;get_db","","1","tests/test_documents.py","TEST PRÉSENT MAIS NON EXÉCUTÉ dans cet audit (liaison par chemin littéral, heuristique)"
"POST","/documents/{document_id}/versions/restore","api/routers/documents.py","restore_document_version_route","documents","utilisateur connecté",";get_current_user;get_current_user_any_consent_status;get_db;restore_document_version_route","","1","tests/test_documents.py","TEST PRÉSENT MAIS NON EXÉCUTÉ dans cet audit (liaison par chemin littéral, heuristique)"
"GET","/documents/{document_id}/versions/{version_number}","api/routers/documents.py","get_document_version_detail","documents","utilisateur connecté",";get_current_user;get_current_user_any_consent_status;get_db;get_document_version_detail","","0","","AUCUN TEST TROUVÉ PAR L'HEURISTIQUE"
"GET","/encryption/algorithms","api/routers/encryption.py","encryption_algorithms_endpoint","Encryption","ADMIN plateforme; utilisateur connecté",";encryption_algorithms_endpoint;get_current_user;get_current_user_any_consent_status;get_db;require_admin","","1","tests/test_encryption.py","TEST PRÉSENT MAIS NON EXÉCUTÉ dans cet audit (liaison par chemin littéral, heuristique)"
"POST","/encryption/rotate-keys","api/routers/encryption.py","rotate_keys_endpoint","Encryption","SUPERADMIN; utilisateur connecté",";get_current_user;get_current_user_any_consent_status;get_db;require_superadmin;rotate_keys_endpoint","","1","tests/test_encryption.py","TEST PRÉSENT MAIS NON EXÉCUTÉ dans cet audit (liaison par chemin littéral, heuristique)"
"GET","/encryption/status","api/routers/encryption.py","encryption_status_endpoint","Encryption","ADMIN plateforme; utilisateur connecté",";encryption_status_endpoint;get_current_user;get_current_user_any_consent_status;get_db;require_admin","","1","tests/test_encryption.py","TEST PRÉSENT MAIS NON EXÉCUTÉ dans cet audit (liaison par chemin littéral, heuristique)"
"POST","/encryption/test","api/routers/encryption.py","test_encryption_endpoint","Encryption","ADMIN plateforme; utilisateur connecté",";get_current_user;get_current_user_any_consent_status;get_db;require_admin;test_encryption_endpoint","","1","tests/test_encryption.py","TEST PRÉSENT MAIS NON EXÉCUTÉ dans cet audit (liaison par chemin littéral, heuristique)"
"GET","/evaluations/{evaluation_id}","api/routers/manual_evaluations.py","get_manual_evaluation_endpoint","manual-evaluations","require_manual_evaluation_access; utilisateur connecté",";get_current_user;get_current_user_any_consent_status;get_db;get_manual_evaluation_endpoint;require_manual_evaluation_access","","1","tests/test_manual_evaluations_endpoints.py","TEST PRÉSENT MAIS NON EXÉCUTÉ dans cet audit (liaison par chemin littéral, heuristique)"
"PATCH","/evaluations/{evaluation_id}","api/routers/manual_evaluations.py","update_manual_evaluation_endpoint","manual-evaluations","require_manual_evaluation_access; utilisateur connecté",";get_current_user;get_current_user_any_consent_status;get_db;require_manual_evaluation_access;update_manual_evaluation_endpoint","","1","tests/test_manual_evaluations_endpoints.py","TEST PRÉSENT MAIS NON EXÉCUTÉ dans cet audit (liaison par chemin littéral, heuristique)"
"DELETE","/feedback/{feedback_id}","api/routers/feedback.py","delete_feedback_endpoint","feedback","utilisateur connecté",";delete_feedback_endpoint;get_current_user;get_current_user_any_consent_status;get_db","","1","tests/test_message_actions.py","TEST PRÉSENT MAIS NON EXÉCUTÉ dans cet audit (liaison par chemin littéral, heuristique)"
"PATCH","/feedback/{feedback_id}","api/routers/feedback.py","update_feedback_endpoint","feedback","utilisateur connecté",";get_current_user;get_current_user_any_consent_status;get_db;update_feedback_endpoint","","1","tests/test_message_actions.py","TEST PRÉSENT MAIS NON EXÉCUTÉ dans cet audit (liaison par chemin littéral, heuristique)"
"GET","/fine-tuning/datasets","api/routers/fine_tuning.py","list_datasets_endpoint","fine-tuning","permission org: agents:read; require_org_member; utilisateur connecté",";_dependency;get_current_user;get_current_user_any_consent_status;get_db;list_datasets_endpoint;require_org_member","","1","tests/backend/fine-tuning/test_fine_tuning_datasets.py","TEST PRÉSENT MAIS NON EXÉCUTÉ dans cet audit (liaison par chemin littéral, heuristique)"
"POST","/fine-tuning/datasets","api/routers/fine_tuning.py","create_dataset_endpoint","fine-tuning","permission org: agents:manage; require_org_member; utilisateur connecté",";_dependency;create_dataset_endpoint;get_current_user;get_current_user_any_consent_status;get_db;require_org_member","","1","tests/backend/fine-tuning/test_fine_tuning_datasets.py","TEST PRÉSENT MAIS NON EXÉCUTÉ dans cet audit (liaison par chemin littéral, heuristique)"
"DELETE","/fine-tuning/datasets/{dataset_id}","api/routers/fine_tuning.py","delete_dataset_endpoint","fine-tuning","require_dataset_admin; utilisateur connecté",";delete_dataset_endpoint;get_current_user;get_current_user_any_consent_status;get_db;require_dataset_admin","","1","tests/backend/fine-tuning/test_fine_tuning_datasets.py","TEST PRÉSENT MAIS NON EXÉCUTÉ dans cet audit (liaison par chemin littéral, heuristique)"
"GET","/fine-tuning/datasets/{dataset_id}","api/routers/fine_tuning.py","get_dataset_endpoint","fine-tuning","require_dataset_member; utilisateur connecté",";get_current_user;get_current_user_any_consent_status;get_dataset_endpoint;get_db;require_dataset_member","","1","tests/backend/fine-tuning/test_fine_tuning_datasets.py","TEST PRÉSENT MAIS NON EXÉCUTÉ dans cet audit (liaison par chemin littéral, heuristique)"
"POST","/fine-tuning/datasets/{dataset_id}/validate","api/routers/fine_tuning.py","validate_dataset_endpoint","fine-tuning","require_dataset_admin; utilisateur connecté",";get_current_user;get_current_user_any_consent_status;get_db;require_dataset_admin;validate_dataset_endpoint","","1","tests/backend/fine-tuning/test_fine_tuning_datasets.py","TEST PRÉSENT MAIS NON EXÉCUTÉ dans cet audit (liaison par chemin littéral, heuristique)"
"GET","/fine-tuning/jobs","api/routers/fine_tuning.py","list_jobs_endpoint","fine-tuning","permission org: agents:read; require_org_member; utilisateur connecté",";_dependency;get_current_user;get_current_user_any_consent_status;get_db;list_jobs_endpoint;require_org_member","","1","tests/backend/fine-tuning/test_fine_tuning_jobs.py","TEST PRÉSENT MAIS NON EXÉCUTÉ dans cet audit (liaison par chemin littéral, heuristique)"
"POST","/fine-tuning/jobs","api/routers/fine_tuning.py","create_job_endpoint","fine-tuning","permission org: agents:manage; require_org_member; utilisateur connecté",";_dependency;create_job_endpoint;get_current_user;get_current_user_any_consent_status;get_db;require_org_member","","1","tests/backend/fine-tuning/test_fine_tuning_jobs.py","TEST PRÉSENT MAIS NON EXÉCUTÉ dans cet audit (liaison par chemin littéral, heuristique)"
"GET","/fine-tuning/jobs/{job_id}","api/routers/fine_tuning.py","get_job_endpoint","fine-tuning","require_job_member; utilisateur connecté",";get_current_user;get_current_user_any_consent_status;get_db;get_job_endpoint;require_job_member","","1","tests/backend/fine-tuning/test_fine_tuning_jobs.py","TEST PRÉSENT MAIS NON EXÉCUTÉ dans cet audit (liaison par chemin littéral, heuristique)"
"POST","/fine-tuning/jobs/{job_id}/cancel","api/routers/fine_tuning.py","cancel_job_endpoint","fine-tuning","require_job_admin; utilisateur connecté",";cancel_job_endpoint;get_current_user;get_current_user_any_consent_status;get_db;require_job_admin","","1","tests/backend/fine-tuning/test_fine_tuning_jobs.py","TEST PRÉSENT MAIS NON EXÉCUTÉ dans cet audit (liaison par chemin littéral, heuristique)"
"GET","/fine-tuning/jobs/{job_id}/metrics","api/routers/fine_tuning.py","get_job_metrics_endpoint","fine-tuning","require_job_member; utilisateur connecté",";get_current_user;get_current_user_any_consent_status;get_db;get_job_metrics_endpoint;require_job_member","","0","","AUCUN TEST TROUVÉ PAR L'HEURISTIQUE"
"GET","/fine-tuning/models","api/routers/fine_tuning.py","list_models_endpoint","fine-tuning","permission org: agents:read; require_org_member; utilisateur connecté",";_dependency;get_current_user;get_current_user_any_consent_status;get_db;list_models_endpoint;require_org_member","","2","tests/backend/fine-tuning/test_fine_tuning_evaluation.py;tests/backend/fine-tuning/test_fine_tuning_models.py","TEST PRÉSENT MAIS NON EXÉCUTÉ dans cet audit (liaison par chemin littéral, heuristique)"
"DELETE","/fine-tuning/models/{model_id}","api/routers/fine_tuning.py","delete_model_endpoint","fine-tuning","require_model_admin; utilisateur connecté",";delete_model_endpoint;get_current_user;get_current_user_any_consent_status;get_db;require_model_admin","","2","tests/backend/fine-tuning/test_fine_tuning_evaluation.py;tests/backend/fine-tuning/test_fine_tuning_models.py","TEST PRÉSENT MAIS NON EXÉCUTÉ dans cet audit (liaison par chemin littéral, heuristique)"
"GET","/fine-tuning/models/{model_id}","api/routers/fine_tuning.py","get_model_endpoint","fine-tuning","require_model_member; utilisateur connecté",";get_current_user;get_current_user_any_consent_status;get_db;get_model_endpoint;require_model_member","","2","tests/backend/fine-tuning/test_fine_tuning_evaluation.py;tests/backend/fine-tuning/test_fine_tuning_models.py","TEST PRÉSENT MAIS NON EXÉCUTÉ dans cet audit (liaison par chemin littéral, heuristique)"
"POST","/fine-tuning/models/{model_id}/deploy","api/routers/fine_tuning.py","deploy_model_endpoint","fine-tuning","require_model_admin; utilisateur connecté",";deploy_model_endpoint;get_current_user;get_current_user_any_consent_status;get_db;require_model_admin","","1","tests/backend/fine-tuning/test_fine_tuning_models.py","TEST PRÉSENT MAIS NON EXÉCUTÉ dans cet audit (liaison par chemin littéral, heuristique)"
"POST","/fine-tuning/models/{model_id}/evaluate","api/routers/fine_tuning.py","evaluate_model_endpoint","fine-tuning","require_model_admin; utilisateur connecté",";evaluate_model_endpoint;get_current_user;get_current_user_any_consent_status;get_db;require_model_admin","","1","tests/backend/fine-tuning/test_fine_tuning_evaluation.py","TEST PRÉSENT MAIS NON EXÉCUTÉ dans cet audit (liaison par chemin littéral, heuristique)"
"GET","/fine-tuning/models/{model_id}/evaluations","api/routers/fine_tuning.py","list_evaluations_endpoint","fine-tuning","require_model_member; utilisateur connecté",";get_current_user;get_current_user_any_consent_status;get_db;list_evaluations_endpoint;require_model_member","","1","tests/backend/fine-tuning/test_fine_tuning_evaluation.py","TEST PRÉSENT MAIS NON EXÉCUTÉ dans cet audit (liaison par chemin littéral, heuristique)"
"POST","/fine-tuning/models/{model_id}/undeploy","api/routers/fine_tuning.py","undeploy_model_endpoint","fine-tuning","require_model_admin; utilisateur connecté",";get_current_user;get_current_user_any_consent_status;get_db;require_model_admin;undeploy_model_endpoint","","1","tests/backend/fine-tuning/test_fine_tuning_models.py","TEST PRÉSENT MAIS NON EXÉCUTÉ dans cet audit (liaison par chemin littéral, heuristique)"
"GET","/health","api/main.py","health","monitoring","AUCUNE DÉPENDANCE D'AUTH DÉTECTÉE (public ou auth interne à vérifier)","health","","10","tests/backend/whitelabel/test_domain.py;tests/test_admin_dashboard.py;tests/test_auth_api.py;tests/test_deployment.py","TEST PRÉSENT MAIS NON EXÉCUTÉ dans cet audit (liaison par chemin littéral, heuristique)"
"GET","/health/ready","api/main.py","readiness","monitoring","AUCUNE DÉPENDANCE D'AUTH DÉTECTÉE (public ou auth interne à vérifier)","readiness","","3","tests/test_auth_api.py;tests/test_rate_limiting_integration.py;tests/test_white_label_middleware_outage.py","TEST PRÉSENT MAIS NON EXÉCUTÉ dans cet audit (liaison par chemin littéral, heuristique)"
"GET","/i18n/detect","api/routers/i18n.py","detect_language_endpoint","i18n","AUCUNE DÉPENDANCE D'AUTH DÉTECTÉE (public ou auth interne à vérifier)","detect_language_endpoint","","1","tests/test_no_unhandled_errors_sweep.py","TEST PRÉSENT MAIS NON EXÉCUTÉ dans cet audit (liaison par chemin littéral, heuristique)"
"POST","/i18n/language","api/routers/i18n.py","set_language_endpoint","i18n","AUCUNE DÉPENDANCE D'AUTH DÉTECTÉE (public ou auth interne à vérifier)","set_language_endpoint","","2","tests/test_i18n.py;tests/test_no_unhandled_errors_sweep.py","TEST PRÉSENT MAIS NON EXÉCUTÉ dans cet audit (liaison par chemin littéral, heuristique)"
"GET","/i18n/languages","api/routers/i18n.py","list_supported_languages_endpoint","i18n","AUCUNE DÉPENDANCE D'AUTH DÉTECTÉE (public ou auth interne à vérifier)","list_supported_languages_endpoint","","2","tests/test_i18n.py;tests/test_no_unhandled_errors_sweep.py","TEST PRÉSENT MAIS NON EXÉCUTÉ dans cet audit (liaison par chemin littéral, heuristique)"
"GET","/i18n/translations/{language}","api/routers/i18n.py","get_translations_endpoint","i18n","AUCUNE DÉPENDANCE D'AUTH DÉTECTÉE (public ou auth interne à vérifier)","get_translations_endpoint","","1","tests/test_no_unhandled_errors_sweep.py","TEST PRÉSENT MAIS NON EXÉCUTÉ dans cet audit (liaison par chemin littéral, heuristique)"
"GET","/integrations/airbyte/status","api/routers/integrations_universal.py","airbyte_status_endpoint","Integrations","utilisateur connecté",";airbyte_status_endpoint;get_current_user;get_current_user_any_consent_status;get_db","","1","tests/test_inbound_webhooks.py","TEST PRÉSENT MAIS NON EXÉCUTÉ dans cet audit (liaison par chemin littéral, heuristique)"
"POST","/integrations/discord/interactions","api/routers/chat_integrations_discord.py","discord_interactions_endpoint","Discord Integration","AUCUNE DÉPENDANCE D'AUTH DÉTECTÉE (public ou auth interne à vérifier)","discord_interactions_endpoint;get_db","","1","tests/test_chat_integrations.py","TEST PRÉSENT MAIS NON EXÉCUTÉ dans cet audit (liaison par chemin littéral, heuristique)"
"POST","/integrations/discord/message","api/routers/chat_integrations_discord.py","discord_message_webhook_endpoint","Discord Integration","AUCUNE DÉPENDANCE D'AUTH DÉTECTÉE (public ou auth interne à vérifier)","discord_message_webhook_endpoint;get_db","","1","tests/test_chat_integration_webhook_auth.py","TEST PRÉSENT MAIS NON EXÉCUTÉ dans cet audit (liaison par chemin littéral, heuristique)"
"POST","/integrations/inbound/{connection_id}","api/routers/integrations_universal.py","inbound_webhook_endpoint","Integrations","AUCUNE DÉPENDANCE D'AUTH DÉTECTÉE (public ou auth interne à vérifier)","get_db;inbound_webhook_endpoint","","2","tests/test_inbound_webhooks.py;tests/test_mappings.py","TEST PRÉSENT MAIS NON EXÉCUTÉ dans cet audit (liaison par chemin littéral, heuristique)"
"GET","/integrations/n8n/status","api/routers/integrations_universal.py","n8n_status_endpoint","Integrations","utilisateur connecté",";get_current_user;get_current_user_any_consent_status;get_db;n8n_status_endpoint","","1","tests/test_inbound_webhooks.py","TEST PRÉSENT MAIS NON EXÉCUTÉ dans cet audit (liaison par chemin littéral, heuristique)"
"GET","/integrations/providers","api/routers/integrations_universal.py","list_providers_endpoint","Integrations","AUCUNE DÉPENDANCE D'AUTH DÉTECTÉE (public ou auth interne à vérifier)","list_providers_endpoint","","2","tests/test_connections.py;tests/test_no_unhandled_errors_sweep.py","TEST PRÉSENT MAIS NON EXÉCUTÉ dans cet audit (liaison par chemin littéral, heuristique)"
"GET","/integrations/slack/callback","api/routers/chat_integrations_slack.py","slack_oauth_callback_endpoint","Slack Integration","AUCUNE DÉPENDANCE D'AUTH DÉTECTÉE (public ou auth interne à vérifier)","get_db;slack_oauth_callback_endpoint","","1","tests/test_no_unhandled_errors_sweep.py","TEST PRÉSENT MAIS NON EXÉCUTÉ dans cet audit (liaison par chemin littéral, heuristique)"
"POST","/integrations/slack/events","api/routers/chat_integrations_slack.py","slack_events_endpoint","Slack Integration","AUCUNE DÉPENDANCE D'AUTH DÉTECTÉE (public ou auth interne à vérifier)","get_db;slack_events_endpoint","","1","tests/test_chat_integrations.py","TEST PRÉSENT MAIS NON EXÉCUTÉ dans cet audit (liaison par chemin littéral, heuristique)"
"POST","/integrations/teams/webhook","api/routers/chat_integrations_teams.py","teams_webhook_endpoint","Teams Integration","AUCUNE DÉPENDANCE D'AUTH DÉTECTÉE (public ou auth interne à vérifier)","get_db;teams_webhook_endpoint","","2","tests/test_chat_integration_webhook_auth.py;tests/test_no_unhandled_errors_sweep.py","TEST PRÉSENT MAIS NON EXÉCUTÉ dans cet audit (liaison par chemin littéral, heuristique)"
"POST","/invitations/accept","api/routers/invitations.py","accept_invitation","invitations","AUCUNE DÉPENDANCE D'AUTH DÉTECTÉE (public ou auth interne à vérifier)","accept_invitation;get_db","","5","tests/test_invitations.py;tests/test_no_unhandled_errors_sweep.py;tests/test_p1_frontend_link_contract.py;tests/test_quotas.py","TEST PRÉSENT MAIS NON EXÉCUTÉ dans cet audit (liaison par chemin littéral, heuristique)"
"GET","/jobs/{job_id}","api/routers/evaluation_jobs.py","get_evaluation_job_endpoint","evaluation-jobs","require_evaluation_job_admin; utilisateur connecté",";get_current_user;get_current_user_any_consent_status;get_db;get_evaluation_job_endpoint;require_evaluation_job_admin","","4","tests/backend/fine-tuning/test_fine_tuning_jobs.py;tests/test_batch_jobs.py;tests/test_evaluation_idor.py;tests/test_evaluation_jobs_endpoints.py","TEST PRÉSENT MAIS NON EXÉCUTÉ dans cet audit (liaison par chemin littéral, heuristique)"
"POST","/jobs/{job_id}/cancel","api/routers/evaluation_jobs.py","cancel_evaluation_job_endpoint","evaluation-jobs","require_evaluation_job_admin; utilisateur connecté",";cancel_evaluation_job_endpoint;get_current_user;get_current_user_any_consent_status;get_db;require_evaluation_job_admin","","4","tests/backend/fine-tuning/test_fine_tuning_jobs.py;tests/test_batch_jobs.py;tests/test_evaluation_idor.py;tests/test_evaluation_jobs_endpoints.py","TEST PRÉSENT MAIS NON EXÉCUTÉ dans cet audit (liaison par chemin littéral, heuristique)"
"GET","/jobs/{job_id}/comparison","api/routers/evaluation_jobs.py","compare_evaluation_jobs_endpoint","evaluation-jobs","require_evaluation_job_admin; utilisateur connecté",";compare_evaluation_jobs_endpoint;get_current_user;get_current_user_any_consent_status;get_db;require_evaluation_job_admin","","1","tests/test_evaluation_jobs_endpoints.py","TEST PRÉSENT MAIS NON EXÉCUTÉ dans cet audit (liaison par chemin littéral, heuristique)"
"GET","/jobs/{job_id}/failures","api/routers/evaluation_jobs.py","get_evaluation_job_failures_endpoint","evaluation-jobs","require_evaluation_job_admin; utilisateur connecté",";get_current_user;get_current_user_any_consent_status;get_db;get_evaluation_job_failures_endpoint;require_evaluation_job_admin","","0","","AUCUN TEST TROUVÉ PAR L'HEURISTIQUE"
"GET","/jobs/{job_id}/failures/categories","api/routers/evaluation_jobs.py","get_evaluation_job_failure_categories_endpoint","evaluation-jobs","require_evaluation_job_admin; utilisateur connecté",";get_current_user;get_current_user_any_consent_status;get_db;get_evaluation_job_failure_categories_endpoint;require_evaluation_job_admin","","0","","AUCUN TEST TROUVÉ PAR L'HEURISTIQUE"
"GET","/jobs/{job_id}/results","api/routers/evaluation_jobs.py","get_evaluation_job_results_endpoint","evaluation-jobs","require_evaluation_job_admin; utilisateur connecté",";get_current_user;get_current_user_any_consent_status;get_db;get_evaluation_job_results_endpoint;require_evaluation_job_admin","","0","","AUCUN TEST TROUVÉ PAR L'HEURISTIQUE"
"POST","/license/generate","api/routers/sales.py","generate_license_endpoint","Sales","SUPERADMIN; utilisateur connecté",";generate_license_endpoint;get_current_user;get_current_user_any_consent_status;get_db;require_superadmin","","1","tests/test_sales_models.py","TEST PRÉSENT MAIS NON EXÉCUTÉ dans cet audit (liaison par chemin littéral, heuristique)"
"POST","/license/validate","api/routers/sales.py","validate_license_endpoint","Sales","AUCUNE DÉPENDANCE D'AUTH DÉTECTÉE (public ou auth interne à vérifier)","get_db;validate_license_endpoint","","2","tests/test_no_unhandled_errors_sweep.py;tests/test_sales_models.py","TEST PRÉSENT MAIS NON EXÉCUTÉ dans cet audit (liaison par chemin littéral, heuristique)"
"GET","/marketplace/permissions","api/routers/plugins.py","list_plugin_permissions_endpoint","Plugin marketplace","AUCUNE DÉPENDANCE D'AUTH DÉTECTÉE (public ou auth interne à vérifier)","list_plugin_permissions_endpoint","","1","tests/test_no_unhandled_errors_sweep.py","TEST PRÉSENT MAIS NON EXÉCUTÉ dans cet audit (liaison par chemin littéral, heuristique)"
"GET","/marketplace/plugins","api/routers/plugins.py","list_marketplace_plugins_endpoint","Plugin marketplace","AUCUNE DÉPENDANCE D'AUTH DÉTECTÉE (public ou auth interne à vérifier)","get_db;list_marketplace_plugins_endpoint","","4","tests/test_no_unhandled_errors_sweep.py;tests/test_plugin_marketplace.py;tests/test_plugin_reviews.py;tests/test_plugins.py","TEST PRÉSENT MAIS NON EXÉCUTÉ dans cet audit (liaison par chemin littéral, heuristique)"
"GET","/marketplace/plugins/{plugin_id}","api/routers/plugins.py","get_marketplace_plugin_endpoint","Plugin marketplace","AUCUNE DÉPENDANCE D'AUTH DÉTECTÉE (public ou auth interne à vérifier)","get_db;get_marketplace_plugin_endpoint","","4","tests/test_no_unhandled_errors_sweep.py;tests/test_plugin_marketplace.py;tests/test_plugin_reviews.py;tests/test_plugins.py","TEST PRÉSENT MAIS NON EXÉCUTÉ dans cet audit (liaison par chemin littéral, heuristique)"
"GET","/marketplace/plugins/{plugin_id}/rating","api/routers/plugins.py","get_plugin_rating_endpoint","Plugin marketplace","AUCUNE DÉPENDANCE D'AUTH DÉTECTÉE (public ou auth interne à vérifier)","get_db;get_plugin_rating_endpoint","","2","tests/test_no_unhandled_errors_sweep.py;tests/test_plugin_reviews.py","TEST PRÉSENT MAIS NON EXÉCUTÉ dans cet audit (liaison par chemin littéral, heuristique)"
"GET","/marketplace/plugins/{plugin_id}/reviews","api/routers/plugins.py","list_plugin_reviews_endpoint","Plugin marketplace","AUCUNE DÉPENDANCE D'AUTH DÉTECTÉE (public ou auth interne à vérifier)","get_db;list_plugin_reviews_endpoint","","2","tests/test_no_unhandled_errors_sweep.py;tests/test_plugin_reviews.py","TEST PRÉSENT MAIS NON EXÉCUTÉ dans cet audit (liaison par chemin littéral, heuristique)"
"GET","/marketplace/plugins/{plugin_id}/versions","api/routers/plugins.py","list_plugin_versions_endpoint","Plugin marketplace","AUCUNE DÉPENDANCE D'AUTH DÉTECTÉE (public ou auth interne à vérifier)","get_db;list_plugin_versions_endpoint","","2","tests/test_no_unhandled_errors_sweep.py;tests/test_plugins.py","TEST PRÉSENT MAIS NON EXÉCUTÉ dans cet audit (liaison par chemin littéral, heuristique)"
"DELETE","/marketplace/reviews/{review_id}","api/routers/plugins.py","delete_review_endpoint","Plugin marketplace","utilisateur connecté",";delete_review_endpoint;get_current_user;get_current_user_any_consent_status;get_db","","1","tests/test_plugin_reviews.py","TEST PRÉSENT MAIS NON EXÉCUTÉ dans cet audit (liaison par chemin littéral, heuristique)"
"GET","/mcp/v1/tools","api/routers/mcp_server.py","list_tools_endpoint","mcp-server","clé API; require_organization_api_key","_check;get_db;list_tools_endpoint;require_organization_api_key","","4","tests/test_mcp_builtin_tools_security.py;tests/test_mcp_idor.py;tests/test_mcp_server_router.py;tests/test_no_unhandled_errors_sweep.py","TEST PRÉSENT MAIS NON EXÉCUTÉ dans cet audit (liaison par chemin littéral, heuristique)"
"POST","/mcp/v1/tools/{tool_name}/call","api/routers/mcp_server.py","call_tool_endpoint","mcp-server","clé API; require_organization_api_key","_check;call_tool_endpoint;get_db;require_organization_api_key","","1","tests/test_no_unhandled_errors_sweep.py","TEST PRÉSENT MAIS NON EXÉCUTÉ dans cet audit (liaison par chemin littéral, heuristique)"
"POST","/media/search","api/routers/media.py","search_media_endpoint","media","utilisateur connecté",";get_current_user;get_current_user_any_consent_status;get_db;search_media_endpoint","","2","tests/backend/media/test_media_search.py;tests/backend/media/test_visual_search.py","TEST PRÉSENT MAIS NON EXÉCUTÉ dans cet audit (liaison par chemin littéral, heuristique)"
"POST","/media/search/similar","api/routers/media.py","search_similar_endpoint","media","utilisateur connecté",";get_current_user;get_current_user_any_consent_status;get_db;search_similar_endpoint","","1","tests/backend/media/test_visual_search.py","TEST PRÉSENT MAIS NON EXÉCUTÉ dans cet audit (liaison par chemin littéral, heuristique)"
"POST","/media/search/visual","api/routers/media.py","search_visual_endpoint","media","utilisateur connecté",";get_current_user;get_current_user_any_consent_status;get_db;search_visual_endpoint","","1","tests/backend/media/test_visual_search.py","TEST PRÉSENT MAIS NON EXÉCUTÉ dans cet audit (liaison par chemin littéral, heuristique)"
"DELETE","/media/{media_asset_id}","api/routers/media.py","delete_media_endpoint","media","require_media_admin; utilisateur connecté",";delete_media_endpoint;get_current_user;get_current_user_any_consent_status;get_db;require_media_admin","","5","tests/backend/media/test_media_upload_and_access.py;tests/test_media_idor.py;tests/test_p0_media_filename_path.py;tests/test_p1_backoffice_and_suspension.py","TEST PRÉSENT MAIS NON EXÉCUTÉ dans cet audit (liaison par chemin littéral, heuristique)"
"GET","/media/{media_asset_id}","api/routers/media.py","get_media_endpoint","media","require_media_member; utilisateur connecté",";get_current_user;get_current_user_any_consent_status;get_db;get_media_endpoint;require_media_member","","5","tests/backend/media/test_media_upload_and_access.py;tests/test_media_idor.py;tests/test_p0_media_filename_path.py;tests/test_p1_backoffice_and_suspension.py","TEST PRÉSENT MAIS NON EXÉCUTÉ dans cet audit (liaison par chemin littéral, heuristique)"
"GET","/media/{media_asset_id}/description","api/routers/media.py","get_media_description_endpoint","media","require_media_member; utilisateur connecté",";get_current_user;get_current_user_any_consent_status;get_db;get_media_description_endpoint;require_media_member","","0","","AUCUN TEST TROUVÉ PAR L'HEURISTIQUE"
"GET","/media/{media_asset_id}/file","api/routers/media.py","get_media_file_endpoint","media","require_media_member; utilisateur connecté",";get_current_user;get_current_user_any_consent_status;get_db;get_media_file_endpoint;require_media_member","","1","tests/test_p0_media_filename_path.py","TEST PRÉSENT MAIS NON EXÉCUTÉ dans cet audit (liaison par chemin littéral, heuristique)"
"GET","/media/{media_asset_id}/frames","api/routers/media.py","list_media_frames_endpoint","media","require_media_member; utilisateur connecté",";get_current_user;get_current_user_any_consent_status;get_db;list_media_frames_endpoint;require_media_member","","1","tests/test_media_idor.py","TEST PRÉSENT MAIS NON EXÉCUTÉ dans cet audit (liaison par chemin littéral, heuristique)"
"GET","/media/{media_asset_id}/frames/{frame_id}/file","api/routers/media.py","get_media_frame_file_endpoint","media","require_media_member; utilisateur connecté",";get_current_user;get_current_user_any_consent_status;get_db;get_media_frame_file_endpoint;require_media_member","","1","tests/test_media_idor.py","TEST PRÉSENT MAIS NON EXÉCUTÉ dans cet audit (liaison par chemin littéral, heuristique)"
"POST","/media/{media_asset_id}/process","api/routers/media.py","process_media_endpoint","media","require_media_admin; utilisateur connecté",";get_current_user;get_current_user_any_consent_status;get_db;process_media_endpoint;require_media_admin","","1","tests/test_media_idor.py","TEST PRÉSENT MAIS NON EXÉCUTÉ dans cet audit (liaison par chemin littéral, heuristique)"
"GET","/media/{media_asset_id}/status","api/routers/media.py","get_media_status_endpoint","media","require_media_member; utilisateur connecté",";get_current_user;get_current_user_any_consent_status;get_db;get_media_status_endpoint;require_media_member","","0","","AUCUN TEST TROUVÉ PAR L'HEURISTIQUE"
"GET","/media/{media_asset_id}/transcript","api/routers/media.py","get_media_transcript_endpoint","media","require_media_member; utilisateur connecté",";get_current_user;get_current_user_any_consent_status;get_db;get_media_transcript_endpoint;require_media_member","","1","tests/test_media_idor.py","TEST PRÉSENT MAIS NON EXÉCUTÉ dans cet audit (liaison par chemin littéral, heuristique)"
"GET","/messages/{message_id}/feedback","api/routers/feedback.py","list_feedback_endpoint","feedback","utilisateur connecté",";get_current_user;get_current_user_any_consent_status;get_db;list_feedback_endpoint","","2","tests/test_message_actions.py;tests/test_p0_chat_conversation_isolation.py","TEST PRÉSENT MAIS NON EXÉCUTÉ dans cet audit (liaison par chemin littéral, heuristique)"
"POST","/messages/{message_id}/feedback","api/routers/feedback.py","add_feedback_endpoint","feedback","utilisateur connecté",";add_feedback_endpoint;get_current_user;get_current_user_any_consent_status;get_db","","2","tests/test_message_actions.py;tests/test_p0_chat_conversation_isolation.py","TEST PRÉSENT MAIS NON EXÉCUTÉ dans cet audit (liaison par chemin littéral, heuristique)"
"GET","/messages/{message_id}/follow-up","api/routers/questions.py","list_follow_up_questions_endpoint","questions","utilisateur connecté",";get_current_user;get_current_user_any_consent_status;get_db;list_follow_up_questions_endpoint","","2","tests/test_p2_ten009_no_500_on_unknown_ids.py;tests/test_suggested_questions.py","TEST PRÉSENT MAIS NON EXÉCUTÉ dans cet audit (liaison par chemin littéral, heuristique)"
"POST","/messages/{message_id}/follow-up","api/routers/questions.py","generate_follow_up_questions_endpoint","questions","utilisateur connecté",";generate_follow_up_questions_endpoint;get_current_user;get_current_user_any_consent_status;get_db","","2","tests/test_p2_ten009_no_500_on_unknown_ids.py;tests/test_suggested_questions.py","TEST PRÉSENT MAIS NON EXÉCUTÉ dans cet audit (liaison par chemin littéral, heuristique)"
"GET","/metrics","api/main.py","metrics","monitoring","AUCUNE DÉPENDANCE D'AUTH DÉTECTÉE (public ou auth interne à vérifier)","metrics","","8","tests/backend/analytics/test_metrics.py;tests/test_anonymous_endpoint_hardening.py;tests/test_auth_api.py;tests/test_evaluation_results_endpoints.py","TEST PRÉSENT MAIS NON EXÉCUTÉ dans cet audit (liaison par chemin littéral, heuristique)"
"GET","/models","api/routers/agents.py","list_all_models_endpoint","agents","utilisateur connecté",";get_current_user;get_current_user_any_consent_status;get_db;list_all_models_endpoint","","17","tests/backend/fine-tuning/test_fine_tuning_evaluation.py;tests/backend/fine-tuning/test_fine_tuning_models.py;tests/backend/media/test_object_detection.py;tests/conftest.py","TEST PRÉSENT MAIS NON EXÉCUTÉ dans cet audit (liaison par chemin littéral, heuristique)"
"GET","/models/{provider}","api/routers/agents.py","list_provider_models_endpoint","agents","utilisateur connecté",";get_current_user;get_current_user_any_consent_status;get_db;list_provider_models_endpoint","","2","tests/backend/fine-tuning/test_fine_tuning_evaluation.py;tests/backend/fine-tuning/test_fine_tuning_models.py","TEST PRÉSENT MAIS NON EXÉCUTÉ dans cet audit (liaison par chemin littéral, heuristique)"
"GET","/monitoring/datadog/status","api/routers/observability.py","get_datadog_status_endpoint","Observability","ADMIN plateforme; utilisateur connecté",";get_current_user;get_current_user_any_consent_status;get_datadog_status_endpoint;get_db;require_admin","","1","tests/test_notifications_datadog_grafana.py","TEST PRÉSENT MAIS NON EXÉCUTÉ dans cet audit (liaison par chemin littéral, heuristique)"
"GET","/monitoring/loki/status","api/routers/observability.py","get_loki_status_endpoint","Observability","ADMIN plateforme; utilisateur connecté",";get_current_user;get_current_user_any_consent_status;get_db;get_loki_status_endpoint;require_admin","","1","tests/test_notifications_datadog_grafana.py","TEST PRÉSENT MAIS NON EXÉCUTÉ dans cet audit (liaison par chemin littéral, heuristique)"
"GET","/monitoring/loki/test","api/routers/observability.py","test_loki_endpoint","Observability","ADMIN plateforme; utilisateur connecté",";get_current_user;get_current_user_any_consent_status;get_db;require_admin;test_loki_endpoint","","0","","AUCUN TEST TROUVÉ PAR L'HEURISTIQUE"
"GET","/monitoring/metrics","api/routers/observability.py","get_metrics_summary_endpoint","Observability","ADMIN plateforme; utilisateur connecté",";get_current_user;get_current_user_any_consent_status;get_db;get_metrics_summary_endpoint;require_admin","","1","tests/test_observability.py","TEST PRÉSENT MAIS NON EXÉCUTÉ dans cet audit (liaison par chemin littéral, heuristique)"
"GET","/monitoring/tracing/status","api/routers/observability.py","get_tracing_status_endpoint","Observability","ADMIN plateforme; utilisateur connecté",";get_current_user;get_current_user_any_consent_status;get_db;get_tracing_status_endpoint;require_admin","","1","tests/test_observability.py","TEST PRÉSENT MAIS NON EXÉCUTÉ dans cet audit (liaison par chemin littéral, heuristique)"
"GET","/notifications","api/routers/notification_center.py","list_notifications_endpoint","Notifications","utilisateur connecté",";get_current_user;get_current_user_any_consent_status;get_db;list_notifications_endpoint","","3","tests/test_bugs_found_by_the_real_data_sweep.py;tests/test_notifications.py;tests/test_notifications_datadog_grafana.py","TEST PRÉSENT MAIS NON EXÉCUTÉ dans cet audit (liaison par chemin littéral, heuristique)"
"POST","/notifications/mark-all-read","api/routers/notification_center.py","mark_all_read_endpoint","Notifications","utilisateur connecté",";get_current_user;get_current_user_any_consent_status;get_db;mark_all_read_endpoint","","0","","AUCUN TEST TROUVÉ PAR L'HEURISTIQUE"
"GET","/notifications/preferences","api/routers/notification_center.py","get_preferences_endpoint","Notifications","utilisateur connecté",";get_current_user;get_current_user_any_consent_status;get_db;get_preferences_endpoint","","1","tests/test_notifications.py","TEST PRÉSENT MAIS NON EXÉCUTÉ dans cet audit (liaison par chemin littéral, heuristique)"
"PATCH","/notifications/preferences","api/routers/notification_center.py","update_preferences_endpoint","Notifications","utilisateur connecté",";get_current_user;get_current_user_any_consent_status;get_db;update_preferences_endpoint","","1","tests/test_notifications.py","TEST PRÉSENT MAIS NON EXÉCUTÉ dans cet audit (liaison par chemin littéral, heuristique)"
"GET","/notifications/stream","api/routers/notification_center.py","stream_notifications_endpoint","Notifications","utilisateur connecté",";get_current_user;get_current_user_any_consent_status;get_db;stream_notifications_endpoint","","0","","AUCUN TEST TROUVÉ PAR L'HEURISTIQUE"
"GET","/notifications/unread-count","api/routers/notification_center.py","unread_count_endpoint","Notifications","utilisateur connecté",";get_current_user;get_current_user_any_consent_status;get_db;unread_count_endpoint","","0","","AUCUN TEST TROUVÉ PAR L'HEURISTIQUE"
"DELETE","/notifications/{notification_id}","api/routers/notification_center.py","delete_notification_endpoint","Notifications","utilisateur connecté",";delete_notification_endpoint;get_current_user;get_current_user_any_consent_status;get_db","","0","","AUCUN TEST TROUVÉ PAR L'HEURISTIQUE"
"PATCH","/notifications/{notification_id}/read","api/routers/notification_center.py","mark_read_endpoint","Notifications","utilisateur connecté",";get_current_user;get_current_user_any_consent_status;get_db;mark_read_endpoint","","0","","AUCUN TEST TROUVÉ PAR L'HEURISTIQUE"
"GET","/organizations","api/routers/organizations.py","list_my_organizations","organizations","utilisateur connecté",";get_current_user;get_current_user_any_consent_status;get_db;list_my_organizations","","167","tests/backend/ab-tests/test_ab_tests_advanced.py;tests/backend/ab-tests/test_assignments.py;tests/backend/ab-tests/test_decisions.py;tests/backend/ab-tests/test_statistics.py","TEST PRÉSENT MAIS NON EXÉCUTÉ dans cet audit (liaison par chemin littéral, heuristique)"
"POST","/organizations","api/routers/organizations.py","create_organization","organizations","utilisateur connecté",";create_organization;get_current_user;get_current_user_any_consent_status;get_db","","167","tests/backend/ab-tests/test_ab_tests_advanced.py;tests/backend/ab-tests/test_assignments.py;tests/backend/ab-tests/test_decisions.py;tests/backend/ab-tests/test_statistics.py","TEST PRÉSENT MAIS NON EXÉCUTÉ dans cet audit (liaison par chemin littéral, heuristique)"
"DELETE","/organizations/{org_id}","api/routers/organizations.py","delete_organization","organizations","require_org_member; require_org_owner; utilisateur connecté",";delete_organization;get_current_user;get_current_user_any_consent_status;get_db;require_org_member;require_org_owner","","143","tests/backend/ab-tests/test_ab_tests_advanced.py;tests/backend/ab-tests/test_assignments.py;tests/backend/ab-tests/test_decisions.py;tests/backend/ab-tests/test_statistics.py","TEST PRÉSENT MAIS NON EXÉCUTÉ dans cet audit (liaison par chemin littéral, heuristique)"
"GET","/organizations/{org_id}","api/routers/organizations.py","get_organization","organizations","permission org: settings:read; require_org_member; utilisateur connecté",";_dependency;get_current_user;get_current_user_any_consent_status;get_db;get_organization;require_org_member","","143","tests/backend/ab-tests/test_ab_tests_advanced.py;tests/backend/ab-tests/test_assignments.py;tests/backend/ab-tests/test_decisions.py;tests/backend/ab-tests/test_statistics.py","TEST PRÉSENT MAIS NON EXÉCUTÉ dans cet audit (liaison par chemin littéral, heuristique)"
"PATCH","/organizations/{org_id}","api/routers/organizations.py","update_organization","organizations","require_org_member; require_org_owner; utilisateur connecté",";get_current_user;get_current_user_any_consent_status;get_db;require_org_member;require_org_owner;update_organization","","143","tests/backend/ab-tests/test_ab_tests_advanced.py;tests/backend/ab-tests/test_assignments.py;tests/backend/ab-tests/test_decisions.py;tests/backend/ab-tests/test_statistics.py","TEST PRÉSENT MAIS NON EXÉCUTÉ dans cet audit (liaison par chemin littéral, heuristique)"
"GET","/organizations/{org_id}/ab-tests","api/routers/ab_tests.py","list_ab_tests_endpoint","ab-tests","permission org: evaluation:read; require_org_member; utilisateur connecté",";_dependency;get_current_user;get_current_user_any_consent_status;get_db;list_ab_tests_endpoint;require_org_member","","6","tests/backend/ab-tests/test_ab_tests_advanced.py;tests/backend/ab-tests/test_assignments.py;tests/backend/ab-tests/test_decisions.py;tests/backend/ab-tests/test_statistics.py","TEST PRÉSENT MAIS NON EXÉCUTÉ dans cet audit (liaison par chemin littéral, heuristique)"
"POST","/organizations/{org_id}/ab-tests","api/routers/ab_tests.py","create_ab_test_endpoint","ab-tests","permission org: evaluation:manage; require_org_member; utilisateur connecté",";_dependency;create_ab_test_endpoint;get_current_user;get_current_user_any_consent_status;get_db;require_org_member","","6","tests/backend/ab-tests/test_ab_tests_advanced.py;tests/backend/ab-tests/test_assignments.py;tests/backend/ab-tests/test_decisions.py;tests/backend/ab-tests/test_statistics.py","TEST PRÉSENT MAIS NON EXÉCUTÉ dans cet audit (liaison par chemin littéral, heuristique)"
"POST","/organizations/{org_id}/ab-tests/{test_id}/evaluate-canary","api/routers/rag_control_plane.py","evaluate_canary_endpoint","rag-control-plane","permission org: evaluation:manage; require_org_member; utilisateur connecté",";_dependency;evaluate_canary_endpoint;get_current_user;get_current_user_any_consent_status;get_db;require_org_member","","1","tests/test_rag_control_plane_router.py","TEST PRÉSENT MAIS NON EXÉCUTÉ dans cet audit (liaison par chemin littéral, heuristique)"
"GET","/organizations/{org_id}/agents","api/routers/agents.py","list_agents_endpoint","agents","permission org: agents:read; require_org_member; utilisateur connecté",";_dependency;get_current_user;get_current_user_any_consent_status;get_db;list_agents_endpoint;require_org_member","","16","tests/test_agent_api_keys.py;tests/test_agent_guardrails.py;tests/test_agent_knowledge_base.py;tests/test_agent_long_term_memory.py","TEST PRÉSENT MAIS NON EXÉCUTÉ dans cet audit (liaison par chemin littéral, heuristique)"
"POST","/organizations/{org_id}/agents","api/routers/agents.py","create_agent_endpoint","agents","require_org_manager; require_org_member; utilisateur connecté",";create_agent_endpoint;get_current_user;get_current_user_any_consent_status;get_db;require_org_manager;require_org_member","","16","tests/test_agent_api_keys.py;tests/test_agent_guardrails.py;tests/test_agent_knowledge_base.py;tests/test_agent_long_term_memory.py","TEST PRÉSENT MAIS NON EXÉCUTÉ dans cet audit (liaison par chemin littéral, heuristique)"
"GET","/organizations/{org_id}/agents/runs/{run_id}/traces","api/routers/agent_traces.py","list_agent_traces","agent-traces","permission org: agents:read; require_org_member; utilisateur connecté",";_dependency;get_current_user;get_current_user_any_consent_status;get_db;list_agent_traces;require_org_member","","1","tests/test_agent_traces.py","TEST PRÉSENT MAIS NON EXÉCUTÉ dans cet audit (liaison par chemin littéral, heuristique)"
"GET","/organizations/{org_id}/agents/runs/{run_id}/traces/export","api/routers/agent_traces.py","export_agent_traces_endpoint","agent-traces","permission org: agents:read; require_org_member; utilisateur connecté",";_dependency;export_agent_traces_endpoint;get_current_user;get_current_user_any_consent_status;get_db;require_org_member","","1","tests/test_agent_traces.py","TEST PRÉSENT MAIS NON EXÉCUTÉ dans cet audit (liaison par chemin littéral, heuristique)"
"GET","/organizations/{org_id}/agents/runs/{run_id}/traces/tree","api/routers/agent_traces.py","get_agent_traces_tree","agent-traces","permission org: agents:read; require_org_member; utilisateur connecté",";_dependency;get_agent_traces_tree;get_current_user;get_current_user_any_consent_status;get_db;require_org_member","","1","tests/test_agent_traces.py","TEST PRÉSENT MAIS NON EXÉCUTÉ dans cet audit (liaison par chemin littéral, heuristique)"
"POST","/organizations/{org_id}/agents/{agent_id}/retrieval-config/apply","api/routers/rag_control_plane.py","apply_retrieval_config_endpoint","rag-control-plane","permission org: evaluation:manage; require_org_member; utilisateur connecté",";_dependency;apply_retrieval_config_endpoint;get_current_user;get_current_user_any_consent_status;get_db;require_org_member","","1","tests/test_rag_evolution_engine_retrieval.py","TEST PRÉSENT MAIS NON EXÉCUTÉ dans cet audit (liaison par chemin littéral, heuristique)"
"GET","/organizations/{org_id}/agents/{agent_id}/tools/permissions","api/routers/tool_permissions.py","list_agent_tool_permissions","tool-permissions","permission org: integrations:manage; require_org_member; utilisateur connecté",";_dependency;get_current_user;get_current_user_any_consent_status;get_db;list_agent_tool_permissions;require_org_member","","0","","AUCUN TEST TROUVÉ PAR L'HEURISTIQUE"
"POST","/organizations/{org_id}/agents/{agent_id}/tools/{tool_name}/permissions","api/routers/tool_permissions.py","grant_agent_tool_permission","tool-permissions","permission org: integrations:manage; require_org_member; utilisateur connecté",";_dependency;get_current_user;get_current_user_any_consent_status;get_db;grant_agent_tool_permission;require_org_member","","0","","AUCUN TEST TROUVÉ PAR L'HEURISTIQUE"
"DELETE","/organizations/{org_id}/agents/{agent_id}/tools/{tool_name}/permissions/{user_id}","api/routers/tool_permissions.py","revoke_agent_tool_permission","tool-permissions","permission org: integrations:manage; require_org_member; utilisateur connecté",";_dependency;get_current_user;get_current_user_any_consent_status;get_db;require_org_member;revoke_agent_tool_permission","","0","","AUCUN TEST TROUVÉ PAR L'HEURISTIQUE"
"GET","/organizations/{org_id}/analytics/dashboards","api/routers/analytics.py","list_dashboards_endpoint","analytics","permission org: audit_logs:read; require_org_member; utilisateur connecté",";_dependency;get_current_user;get_current_user_any_consent_status;get_db;list_dashboards_endpoint;require_org_member","","1","tests/backend/analytics/test_dashboards.py","TEST PRÉSENT MAIS NON EXÉCUTÉ dans cet audit (liaison par chemin littéral, heuristique)"
"POST","/organizations/{org_id}/analytics/dashboards","api/routers/analytics.py","create_dashboard_endpoint","analytics","permission org: audit_logs:manage; require_org_member; utilisateur connecté",";_dependency;create_dashboard_endpoint;get_current_user;get_current_user_any_consent_status;get_db;require_org_member","","1","tests/backend/analytics/test_dashboards.py","TEST PRÉSENT MAIS NON EXÉCUTÉ dans cet audit (liaison par chemin littéral, heuristique)"
"DELETE","/organizations/{org_id}/analytics/dashboards/{dashboard_id}","api/routers/analytics.py","delete_dashboard_endpoint","analytics","permission org: audit_logs:manage; require_org_member; utilisateur connecté",";_dependency;delete_dashboard_endpoint;get_current_user;get_current_user_any_consent_status;get_db;require_org_member","","1","tests/backend/analytics/test_dashboards.py","TEST PRÉSENT MAIS NON EXÉCUTÉ dans cet audit (liaison par chemin littéral, heuristique)"
"GET","/organizations/{org_id}/analytics/dashboards/{dashboard_id}","api/routers/analytics.py","get_dashboard_endpoint","analytics","permission org: audit_logs:read; require_org_member; utilisateur connecté",";_dependency;get_current_user;get_current_user_any_consent_status;get_dashboard_endpoint;get_db;require_org_member","","1","tests/backend/analytics/test_dashboards.py","TEST PRÉSENT MAIS NON EXÉCUTÉ dans cet audit (liaison par chemin littéral, heuristique)"
"PATCH","/organizations/{org_id}/analytics/dashboards/{dashboard_id}","api/routers/analytics.py","update_dashboard_endpoint","analytics","permission org: audit_logs:manage; require_org_member; utilisateur connecté",";_dependency;get_current_user;get_current_user_any_consent_status;get_db;require_org_member;update_dashboard_endpoint","","1","tests/backend/analytics/test_dashboards.py","TEST PRÉSENT MAIS NON EXÉCUTÉ dans cet audit (liaison par chemin littéral, heuristique)"
"POST","/organizations/{org_id}/analytics/events","api/routers/analytics.py","track_event_endpoint","analytics","permission org: audit_logs:read; require_org_member; utilisateur connecté",";_dependency;get_current_user;get_current_user_any_consent_status;get_db;require_org_member;track_event_endpoint","","2","tests/backend/analytics/test_metrics.py;tests/backend/analytics/test_product.py","TEST PRÉSENT MAIS NON EXÉCUTÉ dans cet audit (liaison par chemin littéral, heuristique)"
"GET","/organizations/{org_id}/analytics/metrics","api/routers/analytics.py","get_metrics_endpoint","analytics","permission org: audit_logs:read; require_org_member; utilisateur connecté",";_dependency;get_current_user;get_current_user_any_consent_status;get_db;get_metrics_endpoint;require_org_member","","1","tests/backend/analytics/test_metrics.py","TEST PRÉSENT MAIS NON EXÉCUTÉ dans cet audit (liaison par chemin littéral, heuristique)"
"GET","/organizations/{org_id}/analytics/metrics/export","api/routers/analytics.py","export_metrics_endpoint","analytics","permission org: audit_logs:read; require_org_member; utilisateur connecté",";_dependency;export_metrics_endpoint;get_current_user;get_current_user_any_consent_status;get_db;require_org_member","","1","tests/backend/analytics/test_metrics.py","TEST PRÉSENT MAIS NON EXÉCUTÉ dans cet audit (liaison par chemin littéral, heuristique)"
"GET","/organizations/{org_id}/analytics/metrics/query","api/routers/analytics.py","query_metrics_endpoint","analytics","permission org: audit_logs:read; require_org_member; utilisateur connecté",";_dependency;get_current_user;get_current_user_any_consent_status;get_db;query_metrics_endpoint;require_org_member","","1","tests/backend/analytics/test_metrics.py","TEST PRÉSENT MAIS NON EXÉCUTÉ dans cet audit (liaison par chemin littéral, heuristique)"
"GET","/organizations/{org_id}/analytics/metrics/{metric_name}","api/routers/analytics.py","get_single_metric_endpoint","analytics","permission org: audit_logs:read; require_org_member; utilisateur connecté",";_dependency;get_current_user;get_current_user_any_consent_status;get_db;get_single_metric_endpoint;require_org_member","","0","","AUCUN TEST TROUVÉ PAR L'HEURISTIQUE"
"GET","/organizations/{org_id}/analytics/product/adoption","api/routers/analytics.py","product_adoption_endpoint","analytics","permission org: audit_logs:read; require_org_member; utilisateur connecté",";_dependency;get_current_user;get_current_user_any_consent_status;get_db;product_adoption_endpoint;require_org_member","","1","tests/backend/analytics/test_product.py","TEST PRÉSENT MAIS NON EXÉCUTÉ dans cet audit (liaison par chemin littéral, heuristique)"
"GET","/organizations/{org_id}/analytics/product/engagement","api/routers/analytics.py","product_engagement_endpoint","analytics","permission org: audit_logs:read; require_org_member; utilisateur connecté",";_dependency;get_current_user;get_current_user_any_consent_status;get_db;product_engagement_endpoint;require_org_member","","1","tests/backend/analytics/test_product.py","TEST PRÉSENT MAIS NON EXÉCUTÉ dans cet audit (liaison par chemin littéral, heuristique)"
"GET","/organizations/{org_id}/analytics/product/funnels","api/routers/analytics.py","product_funnels_endpoint","analytics","permission org: audit_logs:read; require_org_member; utilisateur connecté",";_dependency;get_current_user;get_current_user_any_consent_status;get_db;product_funnels_endpoint;require_org_member","","1","tests/backend/analytics/test_product.py","TEST PRÉSENT MAIS NON EXÉCUTÉ dans cet audit (liaison par chemin littéral, heuristique)"
"GET","/organizations/{org_id}/analytics/product/usage","api/routers/analytics.py","product_usage_endpoint","analytics","permission org: audit_logs:read; require_org_member; utilisateur connecté",";_dependency;get_current_user;get_current_user_any_consent_status;get_db;product_usage_endpoint;require_org_member","","1","tests/backend/analytics/test_product.py","TEST PRÉSENT MAIS NON EXÉCUTÉ dans cet audit (liaison par chemin littéral, heuristique)"
"GET","/organizations/{org_id}/analytics/technical/api-usage","api/routers/analytics.py","technical_api_usage_endpoint","analytics","permission org: audit_logs:manage; require_org_member; utilisateur connecté",";_dependency;get_current_user;get_current_user_any_consent_status;get_db;require_org_member;technical_api_usage_endpoint","","0","","AUCUN TEST TROUVÉ PAR L'HEURISTIQUE"
"GET","/organizations/{org_id}/analytics/technical/errors","api/routers/analytics.py","technical_errors_endpoint","analytics","permission org: audit_logs:manage; require_org_member; utilisateur connecté",";_dependency;get_current_user;get_current_user_any_consent_status;get_db;require_org_member;technical_errors_endpoint","","0","","AUCUN TEST TROUVÉ PAR L'HEURISTIQUE"
"GET","/organizations/{org_id}/analytics/technical/llm-usage","api/routers/analytics.py","technical_llm_usage_endpoint","analytics","permission org: audit_logs:manage; require_org_member; utilisateur connecté",";_dependency;get_current_user;get_current_user_any_consent_status;get_db;require_org_member;technical_llm_usage_endpoint","","1","tests/backend/analytics/test_technical.py","TEST PRÉSENT MAIS NON EXÉCUTÉ dans cet audit (liaison par chemin littéral, heuristique)"
"GET","/organizations/{org_id}/analytics/technical/performance","api/routers/analytics.py","technical_performance_endpoint","analytics","permission org: audit_logs:manage; require_org_member; utilisateur connecté",";_dependency;get_current_user;get_current_user_any_consent_status;get_db;require_org_member;technical_performance_endpoint","","1","tests/backend/analytics/test_technical.py","TEST PRÉSENT MAIS NON EXÉCUTÉ dans cet audit (liaison par chemin littéral, heuristique)"
"GET","/organizations/{org_id}/api-keys","api/routers/public_api.py","list_organization_api_keys_endpoint","Public API","clé API; permission org: settings:manage; require_org_member; utilisateur connecté",";_dependency;get_current_user;get_current_user_any_consent_status;get_db;list_organization_api_keys_endpoint;require_org_member","","6","tests/test_a2a_router.py;tests/test_api_key_management.py;tests/test_document_idor.py;tests/test_mcp_builtin_tools_security.py","TEST PRÉSENT MAIS NON EXÉCUTÉ dans cet audit (liaison par chemin littéral, heuristique)"
"POST","/organizations/{org_id}/api-keys","api/routers/public_api.py","create_organization_api_key_endpoint","Public API","clé API; permission org: settings:manage; require_org_member; utilisateur connecté",";_dependency;create_organization_api_key_endpoint;get_current_user;get_current_user_any_consent_status;get_db;require_org_member","","6","tests/test_a2a_router.py;tests/test_api_key_management.py;tests/test_document_idor.py;tests/test_mcp_builtin_tools_security.py","TEST PRÉSENT MAIS NON EXÉCUTÉ dans cet audit (liaison par chemin littéral, heuristique)"
"GET","/organizations/{org_id}/api-keys/expiring","api/routers/public_api.py","get_expiring_keys_endpoint","Public API","permission org: settings:manage; require_org_member; utilisateur connecté",";_dependency;get_current_user;get_current_user_any_consent_status;get_db;get_expiring_keys_endpoint;require_org_member","","0","","AUCUN TEST TROUVÉ PAR L'HEURISTIQUE"
"DELETE","/organizations/{org_id}/api-keys/{key_id}","api/routers/public_api.py","revoke_organization_api_key_endpoint","Public API","clé API; permission org: settings:manage; require_org_member; utilisateur connecté",";_dependency;get_current_user;get_current_user_any_consent_status;get_db;require_org_member;revoke_organization_api_key_endpoint","","0","","AUCUN TEST TROUVÉ PAR L'HEURISTIQUE"
"GET","/organizations/{org_id}/approvals/pending","api/routers/human_approval.py","get_organization_pending_approvals","human-approval","permission org: agents:manage; require_org_member; utilisateur connecté",";_dependency;get_current_user;get_current_user_any_consent_status;get_db;get_organization_pending_approvals;require_org_member","","1","tests/test_human_approval.py","TEST PRÉSENT MAIS NON EXÉCUTÉ dans cet audit (liaison par chemin littéral, heuristique)"
"GET","/organizations/{org_id}/approvals/{approval_id}","api/routers/human_approval.py","get_approval","human-approval","permission org: agents:read; require_org_member; utilisateur connecté",";_dependency;get_approval;get_current_user;get_current_user_any_consent_status;get_db;require_org_member","","1","tests/test_human_approval.py","TEST PRÉSENT MAIS NON EXÉCUTÉ dans cet audit (liaison par chemin littéral, heuristique)"
"POST","/organizations/{org_id}/approvals/{approval_id}/approve","api/routers/human_approval.py","approve_approval","human-approval","permission org: agents:manage; require_org_member; utilisateur connecté",";_dependency;approve_approval;get_current_user;get_current_user_any_consent_status;get_db;require_org_member","","1","tests/test_human_approval.py","TEST PRÉSENT MAIS NON EXÉCUTÉ dans cet audit (liaison par chemin littéral, heuristique)"
"POST","/organizations/{org_id}/approvals/{approval_id}/reject","api/routers/human_approval.py","reject_approval","human-approval","permission org: agents:manage; require_org_member; utilisateur connecté",";_dependency;get_current_user;get_current_user_any_consent_status;get_db;reject_approval;require_org_member","","0","","AUCUN TEST TROUVÉ PAR L'HEURISTIQUE"
"GET","/organizations/{org_id}/audit-logs","api/routers/audit.py","get_organization_audit_logs","audit","require_org_admin; require_org_member; utilisateur connecté",";get_current_user;get_current_user_any_consent_status;get_db;get_organization_audit_logs;require_org_admin;require_org_member","","4","tests/test_audit_extensions.py;tests/test_p1_billing_audit.py;tests/test_p1_decisions_v2_v5.py;tests/test_p1_r7_org_audit_redaction.py","TEST PRÉSENT MAIS NON EXÉCUTÉ dans cet audit (liaison par chemin littéral, heuristique)"
"GET","/organizations/{org_id}/autonomous-agents","api/routers/autonomous_agents.py","list_autonomous_agents_endpoint","autonomous-agents","permission org: agents:read; require_org_member; utilisateur connecté",";_dependency;get_current_user;get_current_user_any_consent_status;get_db;list_autonomous_agents_endpoint;require_org_member","","1","tests/backend/autonomous/test_autonomous_agents.py","TEST PRÉSENT MAIS NON EXÉCUTÉ dans cet audit (liaison par chemin littéral, heuristique)"
"POST","/organizations/{org_id}/autonomous-agents","api/routers/autonomous_agents.py","create_autonomous_agent_endpoint","autonomous-agents","permission org: agents:manage; require_org_member; utilisateur connecté",";_dependency;create_autonomous_agent_endpoint;get_current_user;get_current_user_any_consent_status;get_db;require_org_member","","1","tests/backend/autonomous/test_autonomous_agents.py","TEST PRÉSENT MAIS NON EXÉCUTÉ dans cet audit (liaison par chemin littéral, heuristique)"
"GET","/organizations/{org_id}/batch/jobs","api/routers/batch_jobs.py","list_batch_jobs_route","batch-jobs","permission org: documents:manage; require_org_member; utilisateur connecté",";_dependency;get_current_user;get_current_user_any_consent_status;get_db;list_batch_jobs_route;require_org_member","","1","tests/test_batch_jobs.py","TEST PRÉSENT MAIS NON EXÉCUTÉ dans cet audit (liaison par chemin littéral, heuristique)"
"POST","/organizations/{org_id}/batch/jobs","api/routers/batch_jobs.py","create_batch_job_route","batch-jobs","permission org: documents:manage; require_org_member; utilisateur connecté",";_dependency;create_batch_job_route;get_current_user;get_current_user_any_consent_status;get_db;require_org_member","","1","tests/test_batch_jobs.py","TEST PRÉSENT MAIS NON EXÉCUTÉ dans cet audit (liaison par chemin littéral, heuristique)"
"POST","/organizations/{org_id}/billing/cancel","api/routers/billing.py","cancel_subscription_endpoint","Billing","permission org: billing:manage; require_org_member; utilisateur connecté",";_dependency;cancel_subscription_endpoint;get_current_user;get_current_user_any_consent_status;get_db;require_org_member","","6","tests/test_billing.py;tests/test_p1_bill003_005_006_stripe_chain.py;tests/test_p1_billing_audit.py;tests/test_p1_cancellation_paths.py","TEST PRÉSENT MAIS NON EXÉCUTÉ dans cet audit (liaison par chemin littéral, heuristique)"
"POST","/organizations/{org_id}/billing/cancel-active-subscription","api/routers/billing.py","cancel_unified_subscription_endpoint","Billing","permission org: billing:manage; require_org_member; utilisateur connecté",";_dependency;cancel_unified_subscription_endpoint;get_current_user;get_current_user_any_consent_status;get_db;require_org_member","","1","tests/test_p1_cancellation_paths.py","TEST PRÉSENT MAIS NON EXÉCUTÉ dans cet audit (liaison par chemin littéral, heuristique)"
"POST","/organizations/{org_id}/billing/checkout","api/routers/billing.py","create_unified_checkout_endpoint","Billing","permission org: billing:manage; require_org_member; utilisateur connecté",";_dependency;create_unified_checkout_endpoint;get_current_user;get_current_user_any_consent_status;get_db;require_org_member","","2","tests/test_billing.py;tests/test_p0_billing_no_free_paid_plan.py","TEST PRÉSENT MAIS NON EXÉCUTÉ dans cet audit (liaison par chemin littéral, heuristique)"
"GET","/organizations/{org_id}/billing/country","api/routers/billing.py","get_billing_country_endpoint","Billing","permission org: billing:write; require_org_member; utilisateur connecté",";_dependency;get_billing_country_endpoint;get_current_user;get_current_user_any_consent_status;get_db;require_org_member","","3","tests/test_billing.py;tests/test_p1_billing_audit.py;tests/test_p1_sadm005_route_audit.py","TEST PRÉSENT MAIS NON EXÉCUTÉ dans cet audit (liaison par chemin littéral, heuristique)"
"PATCH","/organizations/{org_id}/billing/country","api/routers/billing.py","update_billing_country_endpoint","Billing","permission org: billing:manage; require_org_member; utilisateur connecté",";_dependency;get_current_user;get_current_user_any_consent_status;get_db;require_org_member;update_billing_country_endpoint","","3","tests/test_billing.py;tests/test_p1_billing_audit.py;tests/test_p1_sadm005_route_audit.py","TEST PRÉSENT MAIS NON EXÉCUTÉ dans cet audit (liaison par chemin littéral, heuristique)"
"GET","/organizations/{org_id}/billing/credits","api/routers/billing.py","get_credits_endpoint","Billing","permission org: billing:read; require_org_member; utilisateur connecté",";_dependency;get_credits_endpoint;get_current_user;get_current_user_any_consent_status;get_db;require_org_member","","6","tests/test_billing.py;tests/test_billing_credit_packs.py;tests/test_p0_credits_no_free_response.py;tests/test_p1_billing_audit.py","TEST PRÉSENT MAIS NON EXÉCUTÉ dans cet audit (liaison par chemin littéral, heuristique)"
"POST","/organizations/{org_id}/billing/credits/checkout","api/routers/billing.py","credit_pack_checkout_endpoint","Billing","permission org: billing:manage; require_org_member; utilisateur connecté",";_dependency;credit_pack_checkout_endpoint;get_current_user;get_current_user_any_consent_status;get_db;require_org_member","","2","tests/test_billing_credit_packs.py;tests/test_p2_bill013_paystack_credit_pack.py","TEST PRÉSENT MAIS NON EXÉCUTÉ dans cet audit (liaison par chemin littéral, heuristique)"
"GET","/organizations/{org_id}/billing/credits/packs","api/routers/billing.py","list_credit_packs_endpoint","Billing","permission org: billing:read; require_org_member; utilisateur connecté",";_dependency;get_current_user;get_current_user_any_consent_status;get_db;list_credit_packs_endpoint;require_org_member","","0","","AUCUN TEST TROUVÉ PAR L'HEURISTIQUE"
"POST","/organizations/{org_id}/billing/credits/purchase","api/routers/billing.py","purchase_credits_endpoint","Billing","permission org: billing:manage; require_org_member; utilisateur connecté",";_dependency;get_current_user;get_current_user_any_consent_status;get_db;purchase_credits_endpoint;require_org_member","","3","tests/test_billing.py;tests/test_p1_billing_audit.py;tests/test_p1_sadm005_route_audit.py","TEST PRÉSENT MAIS NON EXÉCUTÉ dans cet audit (liaison par chemin littéral, heuristique)"
"GET","/organizations/{org_id}/billing/credits/transactions","api/routers/billing.py","list_credit_transactions_endpoint","Billing","permission org: billing:read; require_org_member; utilisateur connecté",";_dependency;get_current_user;get_current_user_any_consent_status;get_db;list_credit_transactions_endpoint;require_org_member","","1","tests/test_billing.py","TEST PRÉSENT MAIS NON EXÉCUTÉ dans cet audit (liaison par chemin littéral, heuristique)"
"POST","/organizations/{org_id}/billing/downgrade","api/routers/billing.py","change_plan_endpoint","Billing","permission org: billing:manage; require_org_member; utilisateur connecté",";_dependency;change_plan_endpoint;get_current_user;get_current_user_any_consent_status;get_db;require_org_member","","1","tests/test_p0_billing_no_free_paid_plan.py","TEST PRÉSENT MAIS NON EXÉCUTÉ dans cet audit (liaison par chemin littéral, heuristique)"
"GET","/organizations/{org_id}/billing/invoices","api/routers/billing.py","list_invoices_endpoint","Billing","permission org: billing:read; require_org_member; utilisateur connecté",";_dependency;get_current_user;get_current_user_any_consent_status;get_db;list_invoices_endpoint;require_org_member","","8","tests/test_billing.py;tests/test_billing_idor.py;tests/test_p0_billing_no_free_paid_plan.py;tests/test_p1_bill002_invoice_state_machine.py","TEST PRÉSENT MAIS NON EXÉCUTÉ dans cet audit (liaison par chemin littéral, heuristique)"
"GET","/organizations/{org_id}/billing/invoices/stats","api/routers/billing.py","invoice_stats_endpoint","Billing","permission org: billing:manage; require_org_member; utilisateur connecté",";_dependency;get_current_user;get_current_user_any_consent_status;get_db;invoice_stats_endpoint;require_org_member","","0","","AUCUN TEST TROUVÉ PAR L'HEURISTIQUE"
"GET","/organizations/{org_id}/billing/invoices/{invoice_id}","api/routers/billing.py","get_invoice_endpoint","Billing","permission org: billing:read; require_org_member; utilisateur connecté",";_dependency;get_current_user;get_current_user_any_consent_status;get_db;get_invoice_endpoint;require_org_member","","6","tests/test_billing_idor.py;tests/test_p0_billing_no_free_paid_plan.py;tests/test_p1_bill002_invoice_state_machine.py;tests/test_p1_r2_invoice_proof_and_rules.py","TEST PRÉSENT MAIS NON EXÉCUTÉ dans cet audit (liaison par chemin littéral, heuristique)"
"POST","/organizations/{org_id}/billing/invoices/{invoice_id}/pay","api/routers/billing.py","mark_invoice_paid_endpoint","Billing","permission org: billing:manage; require_org_member; utilisateur connecté",";_dependency;get_current_user;get_current_user_any_consent_status;get_db;mark_invoice_paid_endpoint;require_org_member","","3","tests/test_p0_billing_no_free_paid_plan.py;tests/test_p1_r2_invoice_proof_and_rules.py;tests/test_p1_r7_org_audit_redaction.py","TEST PRÉSENT MAIS NON EXÉCUTÉ dans cet audit (liaison par chemin littéral, heuristique)"
"GET","/organizations/{org_id}/billing/invoices/{invoice_id}/pdf","api/routers/billing.py","download_invoice_pdf_endpoint","Billing","permission org: billing:read; require_org_member; utilisateur connecté",";_dependency;download_invoice_pdf_endpoint;get_current_user;get_current_user_any_consent_status;get_db;require_org_member","","0","","AUCUN TEST TROUVÉ PAR L'HEURISTIQUE"
"POST","/organizations/{org_id}/billing/invoices/{invoice_id}/remind","api/routers/billing.py","remind_invoice_endpoint","Billing","permission org: billing:manage; require_org_member; utilisateur connecté",";_dependency;get_current_user;get_current_user_any_consent_status;get_db;remind_invoice_endpoint;require_org_member","","0","","AUCUN TEST TROUVÉ PAR L'HEURISTIQUE"
"POST","/organizations/{org_id}/billing/invoices/{invoice_id}/send","api/routers/billing.py","send_invoice_endpoint","Billing","permission org: billing:manage; require_org_member; utilisateur connecté",";_dependency;get_current_user;get_current_user_any_consent_status;get_db;require_org_member;send_invoice_endpoint","","0","","AUCUN TEST TROUVÉ PAR L'HEURISTIQUE"
"POST","/organizations/{org_id}/billing/invoices/{invoice_id}/void","api/routers/billing.py","void_invoice_endpoint","Billing","permission org: billing:manage; require_org_member; utilisateur connecté",";_dependency;get_current_user;get_current_user_any_consent_status;get_db;require_org_member;void_invoice_endpoint","","2","tests/test_p1_bill002_invoice_state_machine.py;tests/test_p1_r2_invoice_proof_and_rules.py","TEST PRÉSENT MAIS NON EXÉCUTÉ dans cet audit (liaison par chemin littéral, heuristique)"
"GET","/organizations/{org_id}/billing/payment-methods","api/routers/billing.py","list_unified_payment_methods_endpoint","Billing","permission org: billing:manage; require_org_member; utilisateur connecté",";_dependency;get_current_user;get_current_user_any_consent_status;get_db;list_unified_payment_methods_endpoint;require_org_member","","0","","AUCUN TEST TROUVÉ PAR L'HEURISTIQUE"
"POST","/organizations/{org_id}/billing/portal","api/routers/billing.py","create_unified_portal_endpoint","Billing","permission org: billing:manage; require_org_member; utilisateur connecté",";_dependency;create_unified_portal_endpoint;get_current_user;get_current_user_any_consent_status;get_db;require_org_member","","0","","AUCUN TEST TROUVÉ PAR L'HEURISTIQUE"
"GET","/organizations/{org_id}/billing/provider","api/routers/billing.py","get_billing_provider_endpoint","Billing","permission org: billing:write; require_org_member; utilisateur connecté",";_dependency;get_billing_provider_endpoint;get_current_user;get_current_user_any_consent_status;get_db;require_org_member","","1","tests/test_billing.py","TEST PRÉSENT MAIS NON EXÉCUTÉ dans cet audit (liaison par chemin littéral, heuristique)"
"GET","/organizations/{org_id}/billing/provider-invoices","api/routers/billing.py","list_unified_provider_invoices_endpoint","Billing","permission org: billing:manage; require_org_member; utilisateur connecté",";_dependency;get_current_user;get_current_user_any_consent_status;get_db;list_unified_provider_invoices_endpoint;require_org_member","","0","","AUCUN TEST TROUVÉ PAR L'HEURISTIQUE"
"POST","/organizations/{org_id}/billing/reactivate","api/routers/billing.py","reactivate_subscription_endpoint","Billing","permission org: billing:manage; require_org_member; utilisateur connecté",";_dependency;get_current_user;get_current_user_any_consent_status;get_db;reactivate_subscription_endpoint;require_org_member","","4","tests/test_billing.py;tests/test_p1_bill003_005_006_stripe_chain.py;tests/test_p1_billing_audit.py;tests/test_p1_cancellation_paths.py","TEST PRÉSENT MAIS NON EXÉCUTÉ dans cet audit (liaison par chemin littéral, heuristique)"
"POST","/organizations/{org_id}/billing/stripe/cancel","api/routers/billing.py","cancel_stripe_subscription_endpoint","Billing","permission org: billing:manage; require_org_member; utilisateur connecté",";_dependency;cancel_stripe_subscription_endpoint;get_current_user;get_current_user_any_consent_status;get_db;require_org_member","","2","tests/test_p1_billing_audit.py;tests/test_p1_cancellation_paths.py","TEST PRÉSENT MAIS NON EXÉCUTÉ dans cet audit (liaison par chemin littéral, heuristique)"
"POST","/organizations/{org_id}/billing/stripe/create-checkout-session","api/routers/billing.py","create_checkout_session_endpoint","Billing","permission org: billing:manage; require_org_member; utilisateur connecté",";_dependency;create_checkout_session_endpoint;get_current_user;get_current_user_any_consent_status;get_db;require_org_member","","1","tests/test_billing.py","TEST PRÉSENT MAIS NON EXÉCUTÉ dans cet audit (liaison par chemin littéral, heuristique)"
"POST","/organizations/{org_id}/billing/stripe/create-portal-session","api/routers/billing.py","create_portal_session_endpoint","Billing","permission org: billing:manage; require_org_member; utilisateur connecté",";_dependency;create_portal_session_endpoint;get_current_user;get_current_user_any_consent_status;get_db;require_org_member","","0","","AUCUN TEST TROUVÉ PAR L'HEURISTIQUE"
"GET","/organizations/{org_id}/billing/stripe/invoices","api/routers/billing.py","list_stripe_invoices_endpoint","Billing","permission org: billing:manage; require_org_member; utilisateur connecté",";_dependency;get_current_user;get_current_user_any_consent_status;get_db;list_stripe_invoices_endpoint;require_org_member","","0","","AUCUN TEST TROUVÉ PAR L'HEURISTIQUE"
"GET","/organizations/{org_id}/billing/stripe/payment-methods","api/routers/billing.py","list_payment_methods_endpoint","Billing","permission org: billing:manage; require_org_member; utilisateur connecté",";_dependency;get_current_user;get_current_user_any_consent_status;get_db;list_payment_methods_endpoint;require_org_member","","1","tests/test_billing_idor.py","TEST PRÉSENT MAIS NON EXÉCUTÉ dans cet audit (liaison par chemin littéral, heuristique)"
"DELETE","/organizations/{org_id}/billing/stripe/payment-methods/{payment_method_id}","api/routers/billing.py","remove_payment_method_endpoint","Billing","permission org: billing:manage; require_org_member; utilisateur connecté",";_dependency;get_current_user;get_current_user_any_consent_status;get_db;remove_payment_method_endpoint;require_org_member","","1","tests/test_billing_idor.py","TEST PRÉSENT MAIS NON EXÉCUTÉ dans cet audit (liaison par chemin littéral, heuristique)"
"POST","/organizations/{org_id}/billing/subscribe","api/routers/billing.py","subscribe_endpoint","Billing","permission org: billing:manage; require_org_member; utilisateur connecté",";_dependency;get_current_user;get_current_user_any_consent_status;get_db;require_org_member;subscribe_endpoint","","5","tests/test_billing.py;tests/test_p0_billing_no_free_paid_plan.py;tests/test_p1_billing_audit.py;tests/test_p1_sadm005_route_audit.py","TEST PRÉSENT MAIS NON EXÉCUTÉ dans cet audit (liaison par chemin littéral, heuristique)"
"GET","/organizations/{org_id}/billing/subscription","api/routers/billing.py","get_subscription_endpoint","Billing","permission org: billing:read; require_org_member; utilisateur connecté",";_dependency;get_current_user;get_current_user_any_consent_status;get_db;get_subscription_endpoint;require_org_member","","6","tests/backend/analytics/test_business.py;tests/test_billing.py;tests/test_p0_billing_no_free_paid_plan.py;tests/test_p1_sadm005_superadmin_gate.py","TEST PRÉSENT MAIS NON EXÉCUTÉ dans cet audit (liaison par chemin littéral, heuristique)"
"POST","/organizations/{org_id}/billing/upgrade","api/routers/billing.py","change_plan_endpoint","Billing","permission org: billing:manage; require_org_member; utilisateur connecté",";_dependency;change_plan_endpoint;get_current_user;get_current_user_any_consent_status;get_db;require_org_member","","2","tests/test_p0_billing_no_free_paid_plan.py;tests/test_p1_billing_audit.py","TEST PRÉSENT MAIS NON EXÉCUTÉ dans cet audit (liaison par chemin littéral, heuristique)"
"GET","/organizations/{org_id}/billing/usage","api/routers/billing.py","get_usage_endpoint","Billing","permission org: billing:read; require_org_member; utilisateur connecté",";_dependency;get_current_user;get_current_user_any_consent_status;get_db;get_usage_endpoint;require_org_member","","3","tests/test_billing.py;tests/test_billing_idor.py;tests/test_p2_malformed_inputs.py","TEST PRÉSENT MAIS NON EXÉCUTÉ dans cet audit (liaison par chemin littéral, heuristique)"
"GET","/organizations/{org_id}/billing/usage/alerts","api/routers/billing.py","list_usage_alerts_endpoint","Billing","permission org: billing:read; require_org_member; utilisateur connecté",";_dependency;get_current_user;get_current_user_any_consent_status;get_db;list_usage_alerts_endpoint;require_org_member","","2","tests/test_billing_idor.py;tests/test_p2_malformed_inputs.py","TEST PRÉSENT MAIS NON EXÉCUTÉ dans cet audit (liaison par chemin littéral, heuristique)"
"POST","/organizations/{org_id}/billing/usage/alerts","api/routers/billing.py","create_usage_alert_endpoint","Billing","permission org: billing:manage; require_org_member; utilisateur connecté",";_dependency;create_usage_alert_endpoint;get_current_user;get_current_user_any_consent_status;get_db;require_org_member","","2","tests/test_billing_idor.py;tests/test_p2_malformed_inputs.py","TEST PRÉSENT MAIS NON EXÉCUTÉ dans cet audit (liaison par chemin littéral, heuristique)"
"DELETE","/organizations/{org_id}/billing/usage/alerts/{alert_id}","api/routers/billing.py","delete_usage_alert_endpoint","Billing","permission org: billing:manage; require_org_member; utilisateur connecté",";_dependency;delete_usage_alert_endpoint;get_current_user;get_current_user_any_consent_status;get_db;require_org_member","","1","tests/test_billing_idor.py","TEST PRÉSENT MAIS NON EXÉCUTÉ dans cet audit (liaison par chemin littéral, heuristique)"
"GET","/organizations/{org_id}/billing/usage/breakdown","api/routers/billing.py","get_usage_breakdown_endpoint","Billing","permission org: billing:read; require_org_member; utilisateur connecté",";_dependency;get_current_user;get_current_user_any_consent_status;get_db;get_usage_breakdown_endpoint;require_org_member","","0","","AUCUN TEST TROUVÉ PAR L'HEURISTIQUE"
"GET","/organizations/{org_id}/billing/usage/forecast","api/routers/billing.py","get_usage_forecast_endpoint","Billing","permission org: billing:read; require_org_member; utilisateur connecté",";_dependency;get_current_user;get_current_user_any_consent_status;get_db;get_usage_forecast_endpoint;require_org_member","","0","","AUCUN TEST TROUVÉ PAR L'HEURISTIQUE"
"GET","/organizations/{org_id}/branding","api/routers/organization_branding.py","get_organization_branding","organization-branding","AUCUNE DÉPENDANCE D'AUTH DÉTECTÉE (public ou auth interne à vérifier)","get_db;get_organization_branding","","4","tests/test_branding_storage_integration.py;tests/test_no_unhandled_errors_sweep.py;tests/test_organization_branding.py;tests/test_white_label.py","TEST PRÉSENT MAIS NON EXÉCUTÉ dans cet audit (liaison par chemin littéral, heuristique)"
"PATCH","/organizations/{org_id}/branding","api/routers/organization_branding.py","update_organization_branding","organization-branding","require_org_member; require_org_owner; utilisateur connecté",";get_current_user;get_current_user_any_consent_status;get_db;require_org_member;require_org_owner;update_organization_branding","","4","tests/test_branding_storage_integration.py;tests/test_no_unhandled_errors_sweep.py;tests/test_organization_branding.py;tests/test_white_label.py","TEST PRÉSENT MAIS NON EXÉCUTÉ dans cet audit (liaison par chemin littéral, heuristique)"
"DELETE","/organizations/{org_id}/branding/favicon","api/routers/organization_branding.py","delete_organization_favicon","organization-branding","require_org_member; require_org_owner; utilisateur connecté",";delete_organization_favicon;get_current_user;get_current_user_any_consent_status;get_db;require_org_member;require_org_owner","","2","tests/test_branding_storage_integration.py;tests/test_organization_branding.py","TEST PRÉSENT MAIS NON EXÉCUTÉ dans cet audit (liaison par chemin littéral, heuristique)"
"POST","/organizations/{org_id}/branding/favicon","api/routers/organization_branding.py","upload_organization_favicon_route","organization-branding","require_org_member; require_org_owner; utilisateur connecté",";get_current_user;get_current_user_any_consent_status;get_db;require_org_member;require_org_owner;upload_organization_favicon_route","","2","tests/test_branding_storage_integration.py;tests/test_organization_branding.py","TEST PRÉSENT MAIS NON EXÉCUTÉ dans cet audit (liaison par chemin littéral, heuristique)"
"DELETE","/organizations/{org_id}/branding/logo","api/routers/organization_branding.py","delete_organization_logo","organization-branding","require_org_member; require_org_owner; utilisateur connecté",";delete_organization_logo;get_current_user;get_current_user_any_consent_status;get_db;require_org_member;require_org_owner","","2","tests/test_branding_storage_integration.py;tests/test_organization_branding.py","TEST PRÉSENT MAIS NON EXÉCUTÉ dans cet audit (liaison par chemin littéral, heuristique)"
"POST","/organizations/{org_id}/branding/logo","api/routers/organization_branding.py","upload_organization_logo_route","organization-branding","require_org_member; require_org_owner; utilisateur connecté",";get_current_user;get_current_user_any_consent_status;get_db;require_org_member;require_org_owner;upload_organization_logo_route","","2","tests/test_branding_storage_integration.py;tests/test_organization_branding.py","TEST PRÉSENT MAIS NON EXÉCUTÉ dans cet audit (liaison par chemin littéral, heuristique)"
"POST","/organizations/{org_id}/crm/activecampaign/import","api/routers/crm.py","import_activecampaign","crm","permission org: documents:write; require_org_member; utilisateur connecté",";_dependency;get_current_user;get_current_user_any_consent_status;get_db;import_activecampaign;require_org_member","","0","","AUCUN TEST TROUVÉ PAR L'HEURISTIQUE"
"POST","/organizations/{org_id}/crm/airtable/import","api/routers/crm.py","import_airtable","crm","permission org: documents:write; require_org_member; utilisateur connecté",";_dependency;get_current_user;get_current_user_any_consent_status;get_db;import_airtable;require_org_member","","0","","AUCUN TEST TROUVÉ PAR L'HEURISTIQUE"
"POST","/organizations/{org_id}/crm/asana/import","api/routers/crm.py","import_asana","crm","permission org: documents:write; require_org_member; utilisateur connecté",";_dependency;get_current_user;get_current_user_any_consent_status;get_db;import_asana;require_org_member","","0","","AUCUN TEST TROUVÉ PAR L'HEURISTIQUE"
"POST","/organizations/{org_id}/crm/azure-devops/import","api/routers/crm.py","import_azure_devops","crm","permission org: documents:write; require_org_member; utilisateur connecté",";_dependency;get_current_user;get_current_user_any_consent_status;get_db;import_azure_devops;require_org_member","","0","","AUCUN TEST TROUVÉ PAR L'HEURISTIQUE"
"POST","/organizations/{org_id}/crm/basecamp/import","api/routers/crm.py","import_basecamp","crm","permission org: documents:write; require_org_member; utilisateur connecté",";_dependency;get_current_user;get_current_user_any_consent_status;get_db;import_basecamp;require_org_member","","0","","AUCUN TEST TROUVÉ PAR L'HEURISTIQUE"
"POST","/organizations/{org_id}/crm/bitbucket/import","api/routers/crm.py","import_bitbucket","crm","permission org: documents:write; require_org_member; utilisateur connecté",";_dependency;get_current_user;get_current_user_any_consent_status;get_db;import_bitbucket;require_org_member","","0","","AUCUN TEST TROUVÉ PAR L'HEURISTIQUE"
"POST","/organizations/{org_id}/crm/box/import","api/routers/crm.py","import_box","crm","permission org: documents:write; require_org_member; utilisateur connecté",";_dependency;get_current_user;get_current_user_any_consent_status;get_db;import_box;require_org_member","","0","","AUCUN TEST TROUVÉ PAR L'HEURISTIQUE"
"POST","/organizations/{org_id}/crm/clickup/import","api/routers/crm.py","import_clickup","crm","permission org: documents:write; require_org_member; utilisateur connecté",";_dependency;get_current_user;get_current_user_any_consent_status;get_db;import_clickup;require_org_member","","0","","AUCUN TEST TROUVÉ PAR L'HEURISTIQUE"
"POST","/organizations/{org_id}/crm/coda/import","api/routers/crm.py","import_coda","crm","permission org: documents:write; require_org_member; utilisateur connecté",";_dependency;get_current_user;get_current_user_any_consent_status;get_db;import_coda;require_org_member","","0","","AUCUN TEST TROUVÉ PAR L'HEURISTIQUE"
"POST","/organizations/{org_id}/crm/docusign/import","api/routers/crm.py","import_docusign","crm","permission org: documents:write; require_org_member; utilisateur connecté",";_dependency;get_current_user;get_current_user_any_consent_status;get_db;import_docusign;require_org_member","","0","","AUCUN TEST TROUVÉ PAR L'HEURISTIQUE"
"POST","/organizations/{org_id}/crm/dropbox/import","api/routers/crm.py","import_dropbox","crm","permission org: documents:write; require_org_member; utilisateur connecté",";_dependency;get_current_user;get_current_user_any_consent_status;get_db;import_dropbox;require_org_member","","0","","AUCUN TEST TROUVÉ PAR L'HEURISTIQUE"
"POST","/organizations/{org_id}/crm/gitlab/import","api/routers/crm.py","import_gitlab","crm","permission org: documents:write; require_org_member; utilisateur connecté",";_dependency;get_current_user;get_current_user_any_consent_status;get_db;import_gitlab;require_org_member","","0","","AUCUN TEST TROUVÉ PAR L'HEURISTIQUE"
"POST","/organizations/{org_id}/crm/hive/import","api/routers/crm.py","import_hive","crm","permission org: documents:write; require_org_member; utilisateur connecté",";_dependency;get_current_user;get_current_user_any_consent_status;get_db;import_hive;require_org_member","","0","","AUCUN TEST TROUVÉ PAR L'HEURISTIQUE"
"POST","/organizations/{org_id}/crm/hubspot/import","api/routers/crm.py","import_hubspot","crm","permission org: documents:write; require_org_member; utilisateur connecté",";_dependency;get_current_user;get_current_user_any_consent_status;get_db;import_hubspot;require_org_member","","0","","AUCUN TEST TROUVÉ PAR L'HEURISTIQUE"
"POST","/organizations/{org_id}/crm/intercom/import","api/routers/crm.py","import_intercom","crm","permission org: documents:write; require_org_member; utilisateur connecté",";_dependency;get_current_user;get_current_user_any_consent_status;get_db;import_intercom;require_org_member","","0","","AUCUN TEST TROUVÉ PAR L'HEURISTIQUE"
"POST","/organizations/{org_id}/crm/jira/import","api/routers/crm.py","import_jira","crm","permission org: documents:write; require_org_member; utilisateur connecté",";_dependency;get_current_user;get_current_user_any_consent_status;get_db;import_jira;require_org_member","","0","","AUCUN TEST TROUVÉ PAR L'HEURISTIQUE"
"POST","/organizations/{org_id}/crm/klaviyo/import","api/routers/crm.py","import_klaviyo","crm","permission org: documents:write; require_org_member; utilisateur connecté",";_dependency;get_current_user;get_current_user_any_consent_status;get_db;import_klaviyo;require_org_member","","0","","AUCUN TEST TROUVÉ PAR L'HEURISTIQUE"
"POST","/organizations/{org_id}/crm/linear/import","api/routers/crm.py","import_linear","crm","permission org: documents:write; require_org_member; utilisateur connecté",";_dependency;get_current_user;get_current_user_any_consent_status;get_db;import_linear;require_org_member","","0","","AUCUN TEST TROUVÉ PAR L'HEURISTIQUE"
"POST","/organizations/{org_id}/crm/mailchimp/import","api/routers/crm.py","import_mailchimp","crm","permission org: documents:write; require_org_member; utilisateur connecté",";_dependency;get_current_user;get_current_user_any_consent_status;get_db;import_mailchimp;require_org_member","","0","","AUCUN TEST TROUVÉ PAR L'HEURISTIQUE"
"POST","/organizations/{org_id}/crm/miro/import","api/routers/crm.py","import_miro","crm","permission org: documents:write; require_org_member; utilisateur connecté",";_dependency;get_current_user;get_current_user_any_consent_status;get_db;import_miro;require_org_member","","0","","AUCUN TEST TROUVÉ PAR L'HEURISTIQUE"
"POST","/organizations/{org_id}/crm/monday/import","api/routers/crm.py","import_monday","crm","permission org: documents:write; require_org_member; utilisateur connecté",";_dependency;get_current_user;get_current_user_any_consent_status;get_db;import_monday;require_org_member","","1","tests/test_bugs_found_by_the_real_data_sweep.py","TEST PRÉSENT MAIS NON EXÉCUTÉ dans cet audit (liaison par chemin littéral, heuristique)"
"POST","/organizations/{org_id}/crm/nifty/import","api/routers/crm.py","import_nifty","crm","permission org: documents:write; require_org_member; utilisateur connecté",";_dependency;get_current_user;get_current_user_any_consent_status;get_db;import_nifty;require_org_member","","0","","AUCUN TEST TROUVÉ PAR L'HEURISTIQUE"
"POST","/organizations/{org_id}/crm/pipedrive/import","api/routers/crm.py","import_pipedrive","crm","permission org: documents:write; require_org_member; utilisateur connecté",";_dependency;get_current_user;get_current_user_any_consent_status;get_db;import_pipedrive;require_org_member","","0","","AUCUN TEST TROUVÉ PAR L'HEURISTIQUE"
"POST","/organizations/{org_id}/crm/pipefy/import","api/routers/crm.py","import_pipefy","crm","permission org: documents:write; require_org_member; utilisateur connecté",";_dependency;get_current_user;get_current_user_any_consent_status;get_db;import_pipefy;require_org_member","","0","","AUCUN TEST TROUVÉ PAR L'HEURISTIQUE"
"POST","/organizations/{org_id}/crm/podio/import","api/routers/crm.py","import_podio","crm","permission org: documents:write; require_org_member; utilisateur connecté",";_dependency;get_current_user;get_current_user_any_consent_status;get_db;import_podio;require_org_member","","0","","AUCUN TEST TROUVÉ PAR L'HEURISTIQUE"
"POST","/organizations/{org_id}/crm/process-street/import","api/routers/crm.py","import_process_street","crm","permission org: documents:write; require_org_member; utilisateur connecté",";_dependency;get_current_user;get_current_user_any_consent_status;get_db;import_process_street;require_org_member","","0","","AUCUN TEST TROUVÉ PAR L'HEURISTIQUE"
"POST","/organizations/{org_id}/crm/salesforce/import","api/routers/crm.py","import_salesforce","crm","permission org: documents:write; require_org_member; utilisateur connecté",";_dependency;get_current_user;get_current_user_any_consent_status;get_db;import_salesforce;require_org_member","","1","tests/test_crm_endpoints.py","TEST PRÉSENT MAIS NON EXÉCUTÉ dans cet audit (liaison par chemin littéral, heuristique)"
"POST","/organizations/{org_id}/crm/shopify/import","api/routers/crm.py","import_shopify","crm","permission org: documents:write; require_org_member; utilisateur connecté",";_dependency;get_current_user;get_current_user_any_consent_status;get_db;import_shopify;require_org_member","","0","","AUCUN TEST TROUVÉ PAR L'HEURISTIQUE"
"POST","/organizations/{org_id}/crm/smartsheet/import","api/routers/crm.py","import_smartsheet","crm","permission org: documents:write; require_org_member; utilisateur connecté",";_dependency;get_current_user;get_current_user_any_consent_status;get_db;import_smartsheet;require_org_member","","0","","AUCUN TEST TROUVÉ PAR L'HEURISTIQUE"
"POST","/organizations/{org_id}/crm/smartsuite/import","api/routers/crm.py","import_smartsuite","crm","permission org: documents:write; require_org_member; utilisateur connecté",";_dependency;get_current_user;get_current_user_any_consent_status;get_db;import_smartsuite;require_org_member","","0","","AUCUN TEST TROUVÉ PAR L'HEURISTIQUE"
"POST","/organizations/{org_id}/crm/teamwork/import","api/routers/crm.py","import_teamwork","crm","permission org: documents:write; require_org_member; utilisateur connecté",";_dependency;get_current_user;get_current_user_any_consent_status;get_db;import_teamwork;require_org_member","","0","","AUCUN TEST TROUVÉ PAR L'HEURISTIQUE"
"POST","/organizations/{org_id}/crm/trello/import","api/routers/crm.py","import_trello","crm","permission org: documents:write; require_org_member; utilisateur connecté",";_dependency;get_current_user;get_current_user_any_consent_status;get_db;import_trello;require_org_member","","0","","AUCUN TEST TROUVÉ PAR L'HEURISTIQUE"
"POST","/organizations/{org_id}/crm/woocommerce/import","api/routers/crm.py","import_woocommerce","crm","permission org: documents:write; require_org_member; utilisateur connecté",";_dependency;get_current_user;get_current_user_any_consent_status;get_db;import_woocommerce;require_org_member","","0","","AUCUN TEST TROUVÉ PAR L'HEURISTIQUE"
"POST","/organizations/{org_id}/crm/wrike/import","api/routers/crm.py","import_wrike","crm","permission org: documents:write; require_org_member; utilisateur connecté",";_dependency;get_current_user;get_current_user_any_consent_status;get_db;import_wrike;require_org_member","","0","","AUCUN TEST TROUVÉ PAR L'HEURISTIQUE"
"POST","/organizations/{org_id}/crm/zendesk/import","api/routers/crm.py","import_zendesk","crm","permission org: documents:write; require_org_member; utilisateur connecté",";_dependency;get_current_user;get_current_user_any_consent_status;get_db;import_zendesk;require_org_member","","0","","AUCUN TEST TROUVÉ PAR L'HEURISTIQUE"
"POST","/organizations/{org_id}/crm/zoho/import","api/routers/crm.py","import_zoho","crm","permission org: documents:write; require_org_member; utilisateur connecté",";_dependency;get_current_user;get_current_user_any_consent_status;get_db;import_zoho;require_org_member","","0","","AUCUN TEST TROUVÉ PAR L'HEURISTIQUE"
"GET","/organizations/{org_id}/custom-tools","api/routers/custom_tools.py","list_custom_tools_endpoint","custom-tools","permission org: integrations:read; require_org_member; utilisateur connecté",";_dependency;get_current_user;get_current_user_any_consent_status;get_db;list_custom_tools_endpoint;require_org_member","","1","tests/test_custom_tools.py","TEST PRÉSENT MAIS NON EXÉCUTÉ dans cet audit (liaison par chemin littéral, heuristique)"
"POST","/organizations/{org_id}/custom-tools","api/routers/custom_tools.py","create_custom_tool_endpoint","custom-tools","require_org_manager; require_org_member; utilisateur connecté",";create_custom_tool_endpoint;get_current_user;get_current_user_any_consent_status;get_db;require_org_manager;require_org_member","","1","tests/test_custom_tools.py","TEST PRÉSENT MAIS NON EXÉCUTÉ dans cet audit (liaison par chemin littéral, heuristique)"
"GET","/organizations/{org_id}/datasets","api/routers/evaluation_datasets.py","list_datasets_endpoint","evaluation-datasets","permission org: evaluation:manage; require_org_member; utilisateur connecté",";_dependency;get_current_user;get_current_user_any_consent_status;get_db;list_datasets_endpoint;require_org_member","","10","tests/test_benchmark_versions_endpoints.py;tests/test_comparison_jobs_endpoints.py;tests/test_deployment_evaluations_endpoints.py;tests/test_evaluation_comparisons_endpoints.py","TEST PRÉSENT MAIS NON EXÉCUTÉ dans cet audit (liaison par chemin littéral, heuristique)"
"POST","/organizations/{org_id}/datasets","api/routers/evaluation_datasets.py","create_dataset_endpoint","evaluation-datasets","permission org: evaluation:manage; require_org_member; utilisateur connecté",";_dependency;create_dataset_endpoint;get_current_user;get_current_user_any_consent_status;get_db;require_org_member","","10","tests/test_benchmark_versions_endpoints.py;tests/test_comparison_jobs_endpoints.py;tests/test_deployment_evaluations_endpoints.py;tests/test_evaluation_comparisons_endpoints.py","TEST PRÉSENT MAIS NON EXÉCUTÉ dans cet audit (liaison par chemin littéral, heuristique)"
"GET","/organizations/{org_id}/documents","api/routers/documents.py","list_documents","documents","permission org: documents:read; require_org_member; utilisateur connecté",";_dependency;get_current_user;get_current_user_any_consent_status;get_db;list_documents;require_org_member","","8","tests/docs/test_api_reference.py;tests/test_audit_tenant_isolation.py;tests/test_connections.py;tests/test_document_idor.py","TEST PRÉSENT MAIS NON EXÉCUTÉ dans cet audit (liaison par chemin littéral, heuristique)"
"POST","/organizations/{org_id}/documents","api/routers/documents.py","create_document","documents","permission org: documents:write; require_org_member; utilisateur connecté",";_dependency;create_document;get_current_user;get_current_user_any_consent_status;get_db;require_org_member","","8","tests/docs/test_api_reference.py;tests/test_audit_tenant_isolation.py;tests/test_connections.py;tests/test_document_idor.py","TEST PRÉSENT MAIS NON EXÉCUTÉ dans cet audit (liaison par chemin littéral, heuristique)"
"POST","/organizations/{org_id}/documents/batch","api/routers/documents.py","create_documents_batch","documents","permission org: documents:write; require_org_member; utilisateur connecté",";_dependency;create_documents_batch;get_current_user;get_current_user_any_consent_status;get_db;require_org_member","","1","tests/test_documents.py","TEST PRÉSENT MAIS NON EXÉCUTÉ dans cet audit (liaison par chemin littéral, heuristique)"
"POST","/organizations/{org_id}/documents/confluence","api/routers/documents.py","create_documents_from_confluence","documents","permission org: documents:write; require_org_member; utilisateur connecté",";_dependency;create_documents_from_confluence;get_current_user;get_current_user_any_consent_status;get_db;require_org_member","","1","tests/test_documents.py","TEST PRÉSENT MAIS NON EXÉCUTÉ dans cet audit (liaison par chemin littéral, heuristique)"
"POST","/organizations/{org_id}/documents/deduplicate","api/routers/documents.py","deduplicate_organization_documents_route","documents","permission org: documents:manage; require_org_member; utilisateur connecté",";_dependency;deduplicate_organization_documents_route;get_current_user;get_current_user_any_consent_status;get_db;require_org_member","","1","tests/test_documents.py","TEST PRÉSENT MAIS NON EXÉCUTÉ dans cet audit (liaison par chemin littéral, heuristique)"
"POST","/organizations/{org_id}/documents/github/issues","api/routers/documents.py","create_documents_from_github_issues","documents","permission org: documents:write; require_org_member; utilisateur connecté",";_dependency;create_documents_from_github_issues;get_current_user;get_current_user_any_consent_status;get_db;require_org_member","","1","tests/test_documents.py","TEST PRÉSENT MAIS NON EXÉCUTÉ dans cet audit (liaison par chemin littéral, heuristique)"
"POST","/organizations/{org_id}/documents/github/repo","api/routers/documents.py","create_documents_from_github_repo","documents","permission org: documents:write; require_org_member; utilisateur connecté",";_dependency;create_documents_from_github_repo;get_current_user;get_current_user_any_consent_status;get_db;require_org_member","","1","tests/test_documents.py","TEST PRÉSENT MAIS NON EXÉCUTÉ dans cet audit (liaison par chemin littéral, heuristique)"
"POST","/organizations/{org_id}/documents/google-docs","api/routers/documents.py","create_documents_from_google_docs","documents","permission org: documents:write; require_org_member; utilisateur connecté",";_dependency;create_documents_from_google_docs;get_current_user;get_current_user_any_consent_status;get_db;require_org_member","","1","tests/test_documents.py","TEST PRÉSENT MAIS NON EXÉCUTÉ dans cet audit (liaison par chemin littéral, heuristique)"
"POST","/organizations/{org_id}/documents/google-drive","api/routers/documents.py","create_documents_from_google_drive","documents","permission org: documents:write; require_org_member; utilisateur connecté",";_dependency;create_documents_from_google_drive;get_current_user;get_current_user_any_consent_status;get_db;require_org_member","","1","tests/test_documents.py","TEST PRÉSENT MAIS NON EXÉCUTÉ dans cet audit (liaison par chemin littéral, heuristique)"
"POST","/organizations/{org_id}/documents/notion","api/routers/documents.py","create_documents_from_notion","documents","permission org: documents:write; require_org_member; utilisateur connecté",";_dependency;create_documents_from_notion;get_current_user;get_current_user_any_consent_status;get_db;require_org_member","","1","tests/test_documents.py","TEST PRÉSENT MAIS NON EXÉCUTÉ dans cet audit (liaison par chemin littéral, heuristique)"
"POST","/organizations/{org_id}/documents/onedrive","api/routers/documents.py","create_documents_from_onedrive","documents","permission org: documents:write; require_org_member; utilisateur connecté",";_dependency;create_documents_from_onedrive;get_current_user;get_current_user_any_consent_status;get_db;require_org_member","","1","tests/test_documents.py","TEST PRÉSENT MAIS NON EXÉCUTÉ dans cet audit (liaison par chemin littéral, heuristique)"
"POST","/organizations/{org_id}/documents/reindex","api/routers/documents.py","reindex_organization_documents_route","documents","permission org: documents:manage; require_org_member; utilisateur connecté",";_dependency;get_current_user;get_current_user_any_consent_status;get_db;reindex_organization_documents_route;require_org_member","","1","tests/test_documents.py","TEST PRÉSENT MAIS NON EXÉCUTÉ dans cet audit (liaison par chemin littéral, heuristique)"
"POST","/organizations/{org_id}/documents/sitemap","api/routers/documents.py","create_documents_from_sitemap","documents","permission org: documents:write; require_org_member; utilisateur connecté",";_dependency;create_documents_from_sitemap;get_current_user;get_current_user_any_consent_status;get_db;require_org_member","","1","tests/test_documents.py","TEST PRÉSENT MAIS NON EXÉCUTÉ dans cet audit (liaison par chemin littéral, heuristique)"
"GET","/organizations/{org_id}/documents/status","api/routers/documents.py","get_organization_document_status_summary_route","documents","permission org: documents:manage; require_org_member; utilisateur connecté",";_dependency;get_current_user;get_current_user_any_consent_status;get_db;get_organization_document_status_summary_route;require_org_member","","1","tests/test_documents.py","TEST PRÉSENT MAIS NON EXÉCUTÉ dans cet audit (liaison par chemin littéral, heuristique)"
"POST","/organizations/{org_id}/documents/url","api/routers/documents.py","create_document_from_url","documents","permission org: documents:write; require_org_member; utilisateur connecté",";_dependency;create_document_from_url;get_current_user;get_current_user_any_consent_status;get_db;require_org_member","","1","tests/test_documents.py","TEST PRÉSENT MAIS NON EXÉCUTÉ dans cet audit (liaison par chemin littéral, heuristique)"
"GET","/organizations/{org_id}/domains","api/routers/custom_domains.py","list_custom_domains","custom-domains","require_org_member; require_org_owner; utilisateur connecté",";get_current_user;get_current_user_any_consent_status;get_db;list_custom_domains;require_org_member;require_org_owner","","5","tests/test_custom_domains.py;tests/test_domain_verification.py;tests/test_email_domains.py;tests/test_no_unhandled_errors_sweep.py","TEST PRÉSENT MAIS NON EXÉCUTÉ dans cet audit (liaison par chemin littéral, heuristique)"
"POST","/organizations/{org_id}/domains","api/routers/custom_domains.py","create_custom_domain","custom-domains","require_org_member; require_org_owner; utilisateur connecté",";create_custom_domain;get_current_user;get_current_user_any_consent_status;get_db;require_org_member;require_org_owner","","5","tests/test_custom_domains.py;tests/test_domain_verification.py;tests/test_email_domains.py;tests/test_no_unhandled_errors_sweep.py","TEST PRÉSENT MAIS NON EXÉCUTÉ dans cet audit (liaison par chemin littéral, heuristique)"
"GET","/organizations/{org_id}/domains/verify/{token}","api/routers/custom_domains.py","verify_custom_domain","custom-domains","AUCUNE DÉPENDANCE D'AUTH DÉTECTÉE (public ou auth interne à vérifier)","get_db;verify_custom_domain","","2","tests/test_custom_domains.py;tests/test_no_unhandled_errors_sweep.py","TEST PRÉSENT MAIS NON EXÉCUTÉ dans cet audit (liaison par chemin littéral, heuristique)"
"DELETE","/organizations/{org_id}/domains/{domain_id}","api/routers/custom_domains.py","delete_custom_domain","custom-domains","require_org_member; require_org_owner; utilisateur connecté",";delete_custom_domain;get_current_user;get_current_user_any_consent_status;get_db;require_org_member;require_org_owner","","4","tests/test_custom_domains.py;tests/test_domain_verification.py;tests/test_email_domains.py;tests/test_ssl_certificates.py","TEST PRÉSENT MAIS NON EXÉCUTÉ dans cet audit (liaison par chemin littéral, heuristique)"
"GET","/organizations/{org_id}/domains/{domain_id}/email/dns","api/routers/email_domains.py","get_email_domain_dns_route","email-domains","require_org_member; require_org_owner; utilisateur connecté",";get_current_user;get_current_user_any_consent_status;get_db;get_email_domain_dns_route;require_org_member;require_org_owner","","1","tests/test_email_domains.py","TEST PRÉSENT MAIS NON EXÉCUTÉ dans cet audit (liaison par chemin littéral, heuristique)"
"GET","/organizations/{org_id}/domains/{domain_id}/email/status","api/routers/email_domains.py","get_email_domain_status_route","email-domains","require_org_member; require_org_owner; utilisateur connecté",";get_current_user;get_current_user_any_consent_status;get_db;get_email_domain_status_route;require_org_member;require_org_owner","","1","tests/test_email_domains.py","TEST PRÉSENT MAIS NON EXÉCUTÉ dans cet audit (liaison par chemin littéral, heuristique)"
"POST","/organizations/{org_id}/domains/{domain_id}/email/verify","api/routers/email_domains.py","verify_email_domain_route","email-domains","require_org_member; require_org_owner; utilisateur connecté",";get_current_user;get_current_user_any_consent_status;get_db;require_org_member;require_org_owner;verify_email_domain_route","","1","tests/test_email_domains.py","TEST PRÉSENT MAIS NON EXÉCUTÉ dans cet audit (liaison par chemin littéral, heuristique)"
"DELETE","/organizations/{org_id}/domains/{domain_id}/ssl","api/routers/ssl_certificates.py","delete_certificate_route","ssl-certificates","require_org_member; require_org_owner; utilisateur connecté",";delete_certificate_route;get_current_user;get_current_user_any_consent_status;get_db;require_org_member;require_org_owner","","1","tests/test_ssl_certificates.py","TEST PRÉSENT MAIS NON EXÉCUTÉ dans cet audit (liaison par chemin littéral, heuristique)"
"GET","/organizations/{org_id}/domains/{domain_id}/ssl","api/routers/ssl_certificates.py","get_certificate_route","ssl-certificates","require_org_member; require_org_owner; utilisateur connecté",";get_certificate_route;get_current_user;get_current_user_any_consent_status;get_db;require_org_member;require_org_owner","","1","tests/test_ssl_certificates.py","TEST PRÉSENT MAIS NON EXÉCUTÉ dans cet audit (liaison par chemin littéral, heuristique)"
"POST","/organizations/{org_id}/domains/{domain_id}/ssl/generate","api/routers/ssl_certificates.py","generate_certificate_route","ssl-certificates","require_org_member; require_org_owner; utilisateur connecté",";generate_certificate_route;get_current_user;get_current_user_any_consent_status;get_db;require_org_member;require_org_owner","","1","tests/test_ssl_certificates.py","TEST PRÉSENT MAIS NON EXÉCUTÉ dans cet audit (liaison par chemin littéral, heuristique)"
"POST","/organizations/{org_id}/domains/{domain_id}/ssl/renew","api/routers/ssl_certificates.py","renew_certificate_route","ssl-certificates","require_org_member; require_org_owner; utilisateur connecté",";get_current_user;get_current_user_any_consent_status;get_db;renew_certificate_route;require_org_member;require_org_owner","","1","tests/test_ssl_certificates.py","TEST PRÉSENT MAIS NON EXÉCUTÉ dans cet audit (liaison par chemin littéral, heuristique)"
"GET","/organizations/{org_id}/domains/{domain_id}/status","api/routers/custom_domains.py","get_custom_domain_status","custom-domains","require_org_member; require_org_owner; utilisateur connecté",";get_current_user;get_current_user_any_consent_status;get_custom_domain_status;get_db;require_org_member;require_org_owner","","1","tests/test_domain_verification.py","TEST PRÉSENT MAIS NON EXÉCUTÉ dans cet audit (liaison par chemin littéral, heuristique)"
"POST","/organizations/{org_id}/domains/{domain_id}/verify","api/routers/custom_domains.py","verify_custom_domain_manual","custom-domains","require_org_member; require_org_owner; utilisateur connecté",";get_current_user;get_current_user_any_consent_status;get_db;require_org_member;require_org_owner;verify_custom_domain_manual","","1","tests/test_domain_verification.py","TEST PRÉSENT MAIS NON EXÉCUTÉ dans cet audit (liaison par chemin littéral, heuristique)"
"GET","/organizations/{org_id}/embeddings/status","api/routers/documents.py","get_embedding_staleness_route","documents","permission org: documents:manage; require_org_member; utilisateur connecté",";_dependency;get_current_user;get_current_user_any_consent_status;get_db;get_embedding_staleness_route;require_org_member","","1","tests/test_embedding_staleness_route.py","TEST PRÉSENT MAIS NON EXÉCUTÉ dans cet audit (liaison par chemin littéral, heuristique)"
"POST","/organizations/{org_id}/evolution/retrieval/run","api/routers/rag_control_plane.py","run_retrieval_evolution_endpoint","rag-control-plane","permission org: evaluation:manage; require_org_member; utilisateur connecté",";_dependency;get_current_user;get_current_user_any_consent_status;get_db;require_org_member;run_retrieval_evolution_endpoint","","2","tests/test_alerting_guardian_metrics.py;tests/test_rag_evolution_engine_retrieval.py","TEST PRÉSENT MAIS NON EXÉCUTÉ dans cet audit (liaison par chemin littéral, heuristique)"
"POST","/organizations/{org_id}/evolution/retrieval/run-multi","api/routers/rag_control_plane.py","run_multi_dataset_evolution_endpoint","rag-control-plane","permission org: evaluation:manage; require_org_member; utilisateur connecté",";_dependency;get_current_user;get_current_user_any_consent_status;get_db;require_org_member;run_multi_dataset_evolution_endpoint","","1","tests/test_rag_evolution_engine_retrieval.py","TEST PRÉSENT MAIS NON EXÉCUTÉ dans cet audit (liaison par chemin littéral, heuristique)"
"POST","/organizations/{org_id}/evolution/run","api/routers/rag_control_plane.py","run_evolution_endpoint","rag-control-plane","permission org: evaluation:manage; require_org_member; utilisateur connecté",";_dependency;get_current_user;get_current_user_any_consent_status;get_db;require_org_member;run_evolution_endpoint","","2","tests/test_rag_control_plane_router.py;tests/test_rag_evolution_engine_retrieval.py","TEST PRÉSENT MAIS NON EXÉCUTÉ dans cet audit (liaison par chemin littéral, heuristique)"
"POST","/organizations/{org_id}/factory/blueprint","api/routers/agent_factory.py","factory_blueprint_endpoint","agent-factory","permission org: agents:write; require_org_member; utilisateur connecté",";_dependency;factory_blueprint_endpoint;get_current_user;get_current_user_any_consent_status;get_db;require_org_member","","1","tests/test_agent_factory.py","TEST PRÉSENT MAIS NON EXÉCUTÉ dans cet audit (liaison par chemin littéral, heuristique)"
"POST","/organizations/{org_id}/factory/deploy","api/routers/agent_factory.py","factory_deploy_endpoint","agent-factory","permission org: agents:write; require_org_member; utilisateur connecté",";_dependency;factory_deploy_endpoint;get_current_user;get_current_user_any_consent_status;get_db;require_org_member","","1","tests/test_agent_factory.py","TEST PRÉSENT MAIS NON EXÉCUTÉ dans cet audit (liaison par chemin littéral, heuristique)"
"GET","/organizations/{org_id}/feedback/stats","api/routers/feedback.py","get_feedback_stats_endpoint","feedback","permission org: conversations:manage; require_org_member; utilisateur connecté",";_dependency;get_current_user;get_current_user_any_consent_status;get_db;get_feedback_stats_endpoint;require_org_member","","0","","AUCUN TEST TROUVÉ PAR L'HEURISTIQUE"
"GET","/organizations/{org_id}/integrations/airbyte/connections","api/routers/integrations_universal.py","list_airbyte_connections_endpoint","Integrations","permission org: integrations:write; require_org_member; utilisateur connecté",";_dependency;get_current_user;get_current_user_any_consent_status;get_db;list_airbyte_connections_endpoint;require_org_member","","0","","AUCUN TEST TROUVÉ PAR L'HEURISTIQUE"
"POST","/organizations/{org_id}/integrations/airbyte/connections","api/routers/integrations_universal.py","create_airbyte_connection_endpoint","Integrations","permission org: integrations:manage; require_org_member; utilisateur connecté",";_dependency;create_airbyte_connection_endpoint;get_current_user;get_current_user_any_consent_status;get_db;require_org_member","","0","","AUCUN TEST TROUVÉ PAR L'HEURISTIQUE"
"POST","/organizations/{org_id}/integrations/airbyte/connections/{connection_id}/sync","api/routers/integrations_universal.py","trigger_airbyte_sync_endpoint","Integrations","permission org: integrations:manage; require_org_member; utilisateur connecté",";_dependency;get_current_user;get_current_user_any_consent_status;get_db;require_org_member;trigger_airbyte_sync_endpoint","","0","","AUCUN TEST TROUVÉ PAR L'HEURISTIQUE"
"GET","/organizations/{org_id}/integrations/airbyte/source-definitions","api/routers/integrations_universal.py","list_airbyte_source_definitions_endpoint","Integrations","permission org: integrations:write; require_org_member; utilisateur connecté",";_dependency;get_current_user;get_current_user_any_consent_status;get_db;list_airbyte_source_definitions_endpoint;require_org_member","","1","tests/test_inbound_webhooks.py","TEST PRÉSENT MAIS NON EXÉCUTÉ dans cet audit (liaison par chemin littéral, heuristique)"
"POST","/organizations/{org_id}/integrations/airbyte/sources","api/routers/integrations_universal.py","create_airbyte_source_endpoint","Integrations","permission org: integrations:manage; require_org_member; utilisateur connecté",";_dependency;create_airbyte_source_endpoint;get_current_user;get_current_user_any_consent_status;get_db;require_org_member","","0","","AUCUN TEST TROUVÉ PAR L'HEURISTIQUE"
"GET","/organizations/{org_id}/integrations/airbyte/sources/{source_id}/catalog","api/routers/integrations_universal.py","get_airbyte_catalog_endpoint","Integrations","permission org: integrations:write; require_org_member; utilisateur connecté",";_dependency;get_airbyte_catalog_endpoint;get_current_user;get_current_user_any_consent_status;get_db;require_org_member","","0","","AUCUN TEST TROUVÉ PAR L'HEURISTIQUE"
"GET","/organizations/{org_id}/integrations/connections","api/routers/integrations_universal.py","list_connections_endpoint","Integrations","permission org: integrations:read; require_org_member; utilisateur connecté",";_dependency;get_current_user;get_current_user_any_consent_status;get_db;list_connections_endpoint;require_org_member","","3","tests/test_connections.py;tests/test_inbound_webhooks.py;tests/test_mappings.py","TEST PRÉSENT MAIS NON EXÉCUTÉ dans cet audit (liaison par chemin littéral, heuristique)"
"POST","/organizations/{org_id}/integrations/connections","api/routers/integrations_universal.py","create_connection_endpoint","Integrations","permission org: integrations:manage; require_org_member; utilisateur connecté",";_dependency;create_connection_endpoint;get_current_user;get_current_user_any_consent_status;get_db;require_org_member","","3","tests/test_connections.py;tests/test_inbound_webhooks.py;tests/test_mappings.py","TEST PRÉSENT MAIS NON EXÉCUTÉ dans cet audit (liaison par chemin littéral, heuristique)"
"DELETE","/organizations/{org_id}/integrations/connections/{connection_id}","api/routers/integrations_universal.py","delete_connection_endpoint","Integrations","permission org: integrations:manage; require_org_member; utilisateur connecté",";_dependency;delete_connection_endpoint;get_current_user;get_current_user_any_consent_status;get_db;require_org_member","","3","tests/test_connections.py;tests/test_inbound_webhooks.py;tests/test_mappings.py","TEST PRÉSENT MAIS NON EXÉCUTÉ dans cet audit (liaison par chemin littéral, heuristique)"
"GET","/organizations/{org_id}/integrations/connections/{connection_id}","api/routers/integrations_universal.py","get_connection_endpoint","Integrations","permission org: integrations:read; require_org_member; utilisateur connecté",";_dependency;get_connection_endpoint;get_current_user;get_current_user_any_consent_status;get_db;require_org_member","","3","tests/test_connections.py;tests/test_inbound_webhooks.py;tests/test_mappings.py","TEST PRÉSENT MAIS NON EXÉCUTÉ dans cet audit (liaison par chemin littéral, heuristique)"
"PATCH","/organizations/{org_id}/integrations/connections/{connection_id}","api/routers/integrations_universal.py","update_connection_endpoint","Integrations","permission org: integrations:manage; require_org_member; utilisateur connecté",";_dependency;get_current_user;get_current_user_any_consent_status;get_db;require_org_member;update_connection_endpoint","","3","tests/test_connections.py;tests/test_inbound_webhooks.py;tests/test_mappings.py","TEST PRÉSENT MAIS NON EXÉCUTÉ dans cet audit (liaison par chemin littéral, heuristique)"
"GET","/organizations/{org_id}/integrations/connections/{connection_id}/logs","api/routers/integrations_universal.py","get_connection_logs_endpoint","Integrations","permission org: integrations:read; require_org_member; utilisateur connecté",";_dependency;get_connection_logs_endpoint;get_current_user;get_current_user_any_consent_status;get_db;require_org_member","","1","tests/test_inbound_webhooks.py","TEST PRÉSENT MAIS NON EXÉCUTÉ dans cet audit (liaison par chemin littéral, heuristique)"
"GET","/organizations/{org_id}/integrations/connections/{connection_id}/mappings","api/routers/integrations_universal.py","list_mappings_endpoint","Integrations","permission org: integrations:read; require_org_member; utilisateur connecté",";_dependency;get_current_user;get_current_user_any_consent_status;get_db;list_mappings_endpoint;require_org_member","","1","tests/test_mappings.py","TEST PRÉSENT MAIS NON EXÉCUTÉ dans cet audit (liaison par chemin littéral, heuristique)"
"POST","/organizations/{org_id}/integrations/connections/{connection_id}/mappings","api/routers/integrations_universal.py","create_mapping_endpoint","Integrations","permission org: integrations:manage; require_org_member; utilisateur connecté",";_dependency;create_mapping_endpoint;get_current_user;get_current_user_any_consent_status;get_db;require_org_member","","1","tests/test_mappings.py","TEST PRÉSENT MAIS NON EXÉCUTÉ dans cet audit (liaison par chemin littéral, heuristique)"
"POST","/organizations/{org_id}/integrations/connections/{connection_id}/sync","api/routers/integrations_universal.py","sync_connection_endpoint","Integrations","permission org: integrations:manage; require_org_member; utilisateur connecté",";_dependency;get_current_user;get_current_user_any_consent_status;get_db;require_org_member;sync_connection_endpoint","","1","tests/test_inbound_webhooks.py","TEST PRÉSENT MAIS NON EXÉCUTÉ dans cet audit (liaison par chemin littéral, heuristique)"
"GET","/organizations/{org_id}/integrations/connections/{connection_id}/syncs","api/routers/integrations_universal.py","get_connection_syncs_endpoint","Integrations","permission org: integrations:read; require_org_member; utilisateur connecté",";_dependency;get_connection_syncs_endpoint;get_current_user;get_current_user_any_consent_status;get_db;require_org_member","","1","tests/test_inbound_webhooks.py","TEST PRÉSENT MAIS NON EXÉCUTÉ dans cet audit (liaison par chemin littéral, heuristique)"
"POST","/organizations/{org_id}/integrations/connections/{connection_id}/test","api/routers/integrations_universal.py","test_connection_endpoint","Integrations","permission org: integrations:manage; require_org_member; utilisateur connecté",";_dependency;get_current_user;get_current_user_any_consent_status;get_db;require_org_member;test_connection_endpoint","","1","tests/test_connections.py","TEST PRÉSENT MAIS NON EXÉCUTÉ dans cet audit (liaison par chemin littéral, heuristique)"
"DELETE","/organizations/{org_id}/integrations/discord","api/routers/chat_integrations_discord.py","discord_delete_integration_endpoint","Discord Integration","permission org: integrations:manage; require_org_member; utilisateur connecté",";_dependency;discord_delete_integration_endpoint;get_current_user;get_current_user_any_consent_status;get_db;require_org_member","","1","tests/test_chat_integrations.py","TEST PRÉSENT MAIS NON EXÉCUTÉ dans cet audit (liaison par chemin littéral, heuristique)"
"GET","/organizations/{org_id}/integrations/discord/config","api/routers/chat_integrations_discord.py","discord_get_config_endpoint","Discord Integration","permission org: integrations:manage; require_org_member; utilisateur connecté",";_dependency;discord_get_config_endpoint;get_current_user;get_current_user_any_consent_status;get_db;require_org_member","","1","tests/test_chat_integrations.py","TEST PRÉSENT MAIS NON EXÉCUTÉ dans cet audit (liaison par chemin littéral, heuristique)"
"POST","/organizations/{org_id}/integrations/discord/configure","api/routers/chat_integrations_discord.py","discord_configure_endpoint","Discord Integration","permission org: integrations:manage; require_org_member; utilisateur connecté",";_dependency;discord_configure_endpoint;get_current_user;get_current_user_any_consent_status;get_db;require_org_member","","1","tests/test_chat_integrations.py","TEST PRÉSENT MAIS NON EXÉCUTÉ dans cet audit (liaison par chemin littéral, heuristique)"
"POST","/organizations/{org_id}/integrations/discord/send","api/routers/chat_integrations_discord.py","discord_send_endpoint","Discord Integration","permission org: integrations:manage; require_org_member; utilisateur connecté",";_dependency;discord_send_endpoint;get_current_user;get_current_user_any_consent_status;get_db;require_org_member","","0","","AUCUN TEST TROUVÉ PAR L'HEURISTIQUE"
"DELETE","/organizations/{org_id}/integrations/mappings/{mapping_id}","api/routers/integrations_universal.py","delete_mapping_endpoint","Integrations","permission org: integrations:manage; require_org_member; utilisateur connecté",";_dependency;delete_mapping_endpoint;get_current_user;get_current_user_any_consent_status;get_db;require_org_member","","1","tests/test_mappings.py","TEST PRÉSENT MAIS NON EXÉCUTÉ dans cet audit (liaison par chemin littéral, heuristique)"
"PATCH","/organizations/{org_id}/integrations/mappings/{mapping_id}","api/routers/integrations_universal.py","update_mapping_endpoint","Integrations","permission org: integrations:manage; require_org_member; utilisateur connecté",";_dependency;get_current_user;get_current_user_any_consent_status;get_db;require_org_member;update_mapping_endpoint","","1","tests/test_mappings.py","TEST PRÉSENT MAIS NON EXÉCUTÉ dans cet audit (liaison par chemin littéral, heuristique)"
"DELETE","/organizations/{org_id}/integrations/slack","api/routers/chat_integrations_slack.py","slack_delete_integration_endpoint","Slack Integration","permission org: integrations:manage; require_org_member; utilisateur connecté",";_dependency;get_current_user;get_current_user_any_consent_status;get_db;require_org_member;slack_delete_integration_endpoint","","1","tests/test_chat_integrations.py","TEST PRÉSENT MAIS NON EXÉCUTÉ dans cet audit (liaison par chemin littéral, heuristique)"
"GET","/organizations/{org_id}/integrations/slack/auth","api/routers/chat_integrations_slack.py","slack_auth_url_endpoint","Slack Integration","permission org: integrations:manage; require_org_member; utilisateur connecté",";_dependency;get_current_user;get_current_user_any_consent_status;get_db;require_org_member;slack_auth_url_endpoint","","0","","AUCUN TEST TROUVÉ PAR L'HEURISTIQUE"
"GET","/organizations/{org_id}/integrations/slack/config","api/routers/chat_integrations_slack.py","slack_get_config_endpoint","Slack Integration","permission org: integrations:manage; require_org_member; utilisateur connecté",";_dependency;get_current_user;get_current_user_any_consent_status;get_db;require_org_member;slack_get_config_endpoint","","1","tests/test_chat_integrations.py","TEST PRÉSENT MAIS NON EXÉCUTÉ dans cet audit (liaison par chemin littéral, heuristique)"
"POST","/organizations/{org_id}/integrations/slack/configure","api/routers/chat_integrations_slack.py","slack_configure_endpoint","Slack Integration","permission org: integrations:manage; require_org_member; utilisateur connecté",";_dependency;get_current_user;get_current_user_any_consent_status;get_db;require_org_member;slack_configure_endpoint","","0","","AUCUN TEST TROUVÉ PAR L'HEURISTIQUE"
"POST","/organizations/{org_id}/integrations/slack/send","api/routers/chat_integrations_slack.py","slack_send_endpoint","Slack Integration","permission org: integrations:manage; require_org_member; utilisateur connecté",";_dependency;get_current_user;get_current_user_any_consent_status;get_db;require_org_member;slack_send_endpoint","","0","","AUCUN TEST TROUVÉ PAR L'HEURISTIQUE"
"DELETE","/organizations/{org_id}/integrations/teams","api/routers/chat_integrations_teams.py","teams_delete_integration_endpoint","Teams Integration","permission org: integrations:manage; require_org_member; utilisateur connecté",";_dependency;get_current_user;get_current_user_any_consent_status;get_db;require_org_member;teams_delete_integration_endpoint","","1","tests/test_chat_integrations.py","TEST PRÉSENT MAIS NON EXÉCUTÉ dans cet audit (liaison par chemin littéral, heuristique)"
"GET","/organizations/{org_id}/integrations/teams/config","api/routers/chat_integrations_teams.py","teams_get_config_endpoint","Teams Integration","permission org: integrations:manage; require_org_member; utilisateur connecté",";_dependency;get_current_user;get_current_user_any_consent_status;get_db;require_org_member;teams_get_config_endpoint","","1","tests/test_chat_integrations.py","TEST PRÉSENT MAIS NON EXÉCUTÉ dans cet audit (liaison par chemin littéral, heuristique)"
"POST","/organizations/{org_id}/integrations/teams/configure","api/routers/chat_integrations_teams.py","teams_configure_endpoint","Teams Integration","permission org: integrations:manage; require_org_member; utilisateur connecté",";_dependency;get_current_user;get_current_user_any_consent_status;get_db;require_org_member;teams_configure_endpoint","","0","","AUCUN TEST TROUVÉ PAR L'HEURISTIQUE"
"POST","/organizations/{org_id}/integrations/teams/send","api/routers/chat_integrations_teams.py","teams_send_endpoint","Teams Integration","permission org: integrations:manage; require_org_member; utilisateur connecté",";_dependency;get_current_user;get_current_user_any_consent_status;get_db;require_org_member;teams_send_endpoint","","0","","AUCUN TEST TROUVÉ PAR L'HEURISTIQUE"
"GET","/organizations/{org_id}/invitations","api/routers/invitations.py","list_invitations","invitations","require_org_manager; require_org_member; utilisateur connecté",";get_current_user;get_current_user_any_consent_status;get_db;list_invitations;require_org_manager;require_org_member","","4","tests/test_invitations.py;tests/test_notifications.py;tests/test_quotas.py;tests/test_usage.py","TEST PRÉSENT MAIS NON EXÉCUTÉ dans cet audit (liaison par chemin littéral, heuristique)"
"POST","/organizations/{org_id}/invitations","api/routers/invitations.py","create_invitation","invitations","require_org_manager; require_org_member; utilisateur connecté",";create_invitation;get_current_user;get_current_user_any_consent_status;get_db;require_org_manager;require_org_member","","4","tests/test_invitations.py;tests/test_notifications.py;tests/test_quotas.py;tests/test_usage.py","TEST PRÉSENT MAIS NON EXÉCUTÉ dans cet audit (liaison par chemin littéral, heuristique)"
"DELETE","/organizations/{org_id}/invitations/{invitation_id}","api/routers/invitations.py","cancel_invitation","invitations","require_org_manager; require_org_member; utilisateur connecté",";cancel_invitation;get_current_user;get_current_user_any_consent_status;get_db;require_org_manager;require_org_member","","1","tests/test_invitations.py","TEST PRÉSENT MAIS NON EXÉCUTÉ dans cet audit (liaison par chemin littéral, heuristique)"
"POST","/organizations/{org_id}/license/activate","api/routers/sales.py","activate_license_endpoint","Sales","permission org: billing:manage; require_org_member; utilisateur connecté",";_dependency;activate_license_endpoint;get_current_user;get_current_user_any_consent_status;get_db;require_org_member","","1","tests/test_sales_models.py","TEST PRÉSENT MAIS NON EXÉCUTÉ dans cet audit (liaison par chemin littéral, heuristique)"
"GET","/organizations/{org_id}/license/status","api/routers/sales.py","license_status_endpoint","Sales","permission org: billing:write; require_org_member; utilisateur connecté",";_dependency;get_current_user;get_current_user_any_consent_status;get_db;license_status_endpoint;require_org_member","","0","","AUCUN TEST TROUVÉ PAR L'HEURISTIQUE"
"GET","/organizations/{org_id}/llm-config","api/routers/organization_settings.py","list_organization_llm_config","organization-settings","permission org: settings:manage; require_org_member; utilisateur connecté",";_dependency;get_current_user;get_current_user_any_consent_status;get_db;list_organization_llm_config;require_org_member","","0","","AUCUN TEST TROUVÉ PAR L'HEURISTIQUE"
"POST","/organizations/{org_id}/llm-config","api/routers/organization_settings.py","set_organization_llm_config","organization-settings","require_org_member; require_org_owner; utilisateur connecté",";get_current_user;get_current_user_any_consent_status;get_db;require_org_member;require_org_owner;set_organization_llm_config","","0","","AUCUN TEST TROUVÉ PAR L'HEURISTIQUE"
"DELETE","/organizations/{org_id}/llm-config/{provider}","api/routers/organization_settings.py","delete_organization_llm_config","organization-settings","require_org_member; require_org_owner; utilisateur connecté",";delete_organization_llm_config;get_current_user;get_current_user_any_consent_status;get_db;require_org_member;require_org_owner","","0","","AUCUN TEST TROUVÉ PAR L'HEURISTIQUE"
"GET","/organizations/{org_id}/mcp-servers","api/routers/mcp_servers.py","list_mcp_servers_endpoint","mcp-servers","permission org: integrations:read; require_org_member; utilisateur connecté",";_dependency;get_current_user;get_current_user_any_consent_status;get_db;list_mcp_servers_endpoint;require_org_member","","5","tests/test_mcp_idor.py;tests/test_mcp_servers_router.py;tests/test_p0_mcp_stdio_disabled.py;tests/test_p0_ssrf_outbound.py","TEST PRÉSENT MAIS NON EXÉCUTÉ dans cet audit (liaison par chemin littéral, heuristique)"
"POST","/organizations/{org_id}/mcp-servers","api/routers/mcp_servers.py","create_mcp_server_endpoint","mcp-servers","permission org: integrations:manage; require_org_member; utilisateur connecté",";_dependency;create_mcp_server_endpoint;get_current_user;get_current_user_any_consent_status;get_db;require_org_member","","5","tests/test_mcp_idor.py;tests/test_mcp_servers_router.py;tests/test_p0_mcp_stdio_disabled.py;tests/test_p0_ssrf_outbound.py","TEST PRÉSENT MAIS NON EXÉCUTÉ dans cet audit (liaison par chemin littéral, heuristique)"
"DELETE","/organizations/{org_id}/mcp-servers/{server_id}","api/routers/mcp_servers.py","delete_mcp_server_endpoint","mcp-servers","permission org: integrations:manage; require_org_member; utilisateur connecté",";_dependency;delete_mcp_server_endpoint;get_current_user;get_current_user_any_consent_status;get_db;require_org_member","","5","tests/test_mcp_idor.py;tests/test_mcp_servers_router.py;tests/test_p0_mcp_stdio_disabled.py;tests/test_p0_ssrf_outbound.py","TEST PRÉSENT MAIS NON EXÉCUTÉ dans cet audit (liaison par chemin littéral, heuristique)"
"PATCH","/organizations/{org_id}/mcp-servers/{server_id}","api/routers/mcp_servers.py","update_mcp_server_endpoint","mcp-servers","permission org: integrations:manage; require_org_member; utilisateur connecté",";_dependency;get_current_user;get_current_user_any_consent_status;get_db;require_org_member;update_mcp_server_endpoint","","5","tests/test_mcp_idor.py;tests/test_mcp_servers_router.py;tests/test_p0_mcp_stdio_disabled.py;tests/test_p0_ssrf_outbound.py","TEST PRÉSENT MAIS NON EXÉCUTÉ dans cet audit (liaison par chemin littéral, heuristique)"
"POST","/organizations/{org_id}/mcp-servers/{server_id}/sync","api/routers/mcp_servers.py","sync_mcp_tools_endpoint","mcp-servers","permission org: integrations:manage; require_org_member; utilisateur connecté",";_dependency;get_current_user;get_current_user_any_consent_status;get_db;require_org_member;sync_mcp_tools_endpoint","","1","tests/test_mcp_servers_router.py","TEST PRÉSENT MAIS NON EXÉCUTÉ dans cet audit (liaison par chemin littéral, heuristique)"
"POST","/organizations/{org_id}/mcp-servers/{server_id}/test","api/routers/mcp_servers.py","test_mcp_server_endpoint","mcp-servers","permission org: integrations:manage; require_org_member; utilisateur connecté",";_dependency;get_current_user;get_current_user_any_consent_status;get_db;require_org_member;test_mcp_server_endpoint","","0","","AUCUN TEST TROUVÉ PAR L'HEURISTIQUE"
"GET","/organizations/{org_id}/mcp-servers/{server_id}/tools","api/routers/mcp_servers.py","list_mcp_tools_endpoint","mcp-servers","permission org: integrations:read; require_org_member; utilisateur connecté",";_dependency;get_current_user;get_current_user_any_consent_status;get_db;list_mcp_tools_endpoint;require_org_member","","3","tests/test_mcp_idor.py;tests/test_mcp_servers_router.py;tests/test_staging_full_idor.py","TEST PRÉSENT MAIS NON EXÉCUTÉ dans cet audit (liaison par chemin littéral, heuristique)"
"POST","/organizations/{org_id}/mcp-servers/{server_id}/tools/{tool_name}/call","api/routers/mcp_servers.py","call_mcp_tool_endpoint","mcp-servers","permission org: integrations:write; require_org_member; utilisateur connecté",";_dependency;call_mcp_tool_endpoint;get_current_user;get_current_user_any_consent_status;get_db;require_org_member","","0","","AUCUN TEST TROUVÉ PAR L'HEURISTIQUE"
"GET","/organizations/{org_id}/media","api/routers/media.py","list_media_endpoint","media","permission org: documents:read; require_org_member; utilisateur connecté",";_dependency;get_current_user;get_current_user_any_consent_status;get_db;list_media_endpoint;require_org_member","","3","tests/backend/media/test_media_upload_and_access.py;tests/test_media_idor.py;tests/test_p0_media_filename_path.py","TEST PRÉSENT MAIS NON EXÉCUTÉ dans cet audit (liaison par chemin littéral, heuristique)"
"POST","/organizations/{org_id}/media","api/routers/media.py","upload_media_endpoint","media","permission org: documents:write; require_org_member; utilisateur connecté",";_dependency;get_current_user;get_current_user_any_consent_status;get_db;require_org_member;upload_media_endpoint","","3","tests/backend/media/test_media_upload_and_access.py;tests/test_media_idor.py;tests/test_p0_media_filename_path.py","TEST PRÉSENT MAIS NON EXÉCUTÉ dans cet audit (liaison par chemin littéral, heuristique)"
"GET","/organizations/{org_id}/members","api/routers/organization_members.py","list_organization_members","organizations","require_can_invite_members; utilisateur connecté",";get_current_user;get_current_user_any_consent_status;get_db;list_organization_members;require_can_invite_members","","7","tests/test_admin_organizations.py;tests/test_audit_phase4_role_idor.py;tests/test_organization_members.py;tests/test_quotas.py","TEST PRÉSENT MAIS NON EXÉCUTÉ dans cet audit (liaison par chemin littéral, heuristique)"
"POST","/organizations/{org_id}/members/invite","api/routers/organization_members.py","invite_organization_member","organizations","require_can_invite_members; utilisateur connecté",";get_current_user;get_current_user_any_consent_status;get_db;invite_organization_member;require_can_invite_members","","4","tests/test_organization_members.py;tests/test_quotas.py;tests/test_usage.py;tests/test_user_limits.py","TEST PRÉSENT MAIS NON EXÉCUTÉ dans cet audit (liaison par chemin littéral, heuristique)"
"DELETE","/organizations/{org_id}/members/{user_id}","api/routers/organization_members.py","remove_organization_member","organizations","permission org: members:delete; require_org_member; utilisateur connecté",";_dependency;get_current_user;get_current_user_any_consent_status;get_db;remove_organization_member;require_org_member","","4","tests/test_audit_phase4_role_idor.py;tests/test_organization_members.py;tests/test_teams.py;tests/test_user_limits.py","TEST PRÉSENT MAIS NON EXÉCUTÉ dans cet audit (liaison par chemin littéral, heuristique)"
"GET","/organizations/{org_id}/members/{user_id}/limits","api/routers/user_limits.py","get_member_limits","user-limits","permission org: billing:manage; require_org_member; utilisateur connecté",";_dependency;get_current_user;get_current_user_any_consent_status;get_db;get_member_limits;require_org_member","","1","tests/test_user_limits.py","TEST PRÉSENT MAIS NON EXÉCUTÉ dans cet audit (liaison par chemin littéral, heuristique)"
"PATCH","/organizations/{org_id}/members/{user_id}/limits","api/routers/user_limits.py","update_member_limits","user-limits","permission org: billing:manage; require_org_member; utilisateur connecté",";_dependency;get_current_user;get_current_user_any_consent_status;get_db;require_org_member;update_member_limits","","1","tests/test_user_limits.py","TEST PRÉSENT MAIS NON EXÉCUTÉ dans cet audit (liaison par chemin littéral, heuristique)"
"PATCH","/organizations/{org_id}/members/{user_id}/role","api/routers/organization_members.py","update_organization_member_role","organizations","permission org: members:write; require_org_member; utilisateur connecté",";_dependency;get_current_user;get_current_user_any_consent_status;get_db;require_org_member;update_organization_member_role","","2","tests/test_audit_phase4_role_idor.py;tests/test_organization_members.py","TEST PRÉSENT MAIS NON EXÉCUTÉ dans cet audit (liaison par chemin littéral, heuristique)"
"GET","/organizations/{org_id}/notifications/sms","api/routers/notifications.py","list_sms_endpoint","Notifications","permission org: settings:read; require_org_member; utilisateur connecté",";_dependency;get_current_user;get_current_user_any_consent_status;get_db;list_sms_endpoint;require_org_member","","1","tests/test_notifications_datadog_grafana.py","TEST PRÉSENT MAIS NON EXÉCUTÉ dans cet audit (liaison par chemin littéral, heuristique)"
"POST","/organizations/{org_id}/notifications/sms/send","api/routers/notifications.py","send_sms_endpoint","Notifications","permission org: settings:manage; require_org_member; utilisateur connecté",";_dependency;get_current_user;get_current_user_any_consent_status;get_db;require_org_member;send_sms_endpoint","","1","tests/test_notifications_datadog_grafana.py","TEST PRÉSENT MAIS NON EXÉCUTÉ dans cet audit (liaison par chemin littéral, heuristique)"
"GET","/organizations/{org_id}/notifications/sms/{message_id}","api/routers/notifications.py","get_sms_endpoint","Notifications","permission org: settings:read; require_org_member; utilisateur connecté",";_dependency;get_current_user;get_current_user_any_consent_status;get_db;get_sms_endpoint;require_org_member","","0","","AUCUN TEST TROUVÉ PAR L'HEURISTIQUE"
"GET","/organizations/{org_id}/notifications/templates","api/routers/notification_templates.py","list_templates_endpoint","Notification Templates","permission org: settings:read; require_org_member; utilisateur connecté",";_dependency;get_current_user;get_current_user_any_consent_status;get_db;list_templates_endpoint;require_org_member","","1","tests/test_bugs_found_by_the_real_data_sweep.py","TEST PRÉSENT MAIS NON EXÉCUTÉ dans cet audit (liaison par chemin littéral, heuristique)"
"POST","/organizations/{org_id}/notifications/templates","api/routers/notification_templates.py","create_template_endpoint","Notification Templates","permission org: settings:manage; require_org_member; utilisateur connecté",";_dependency;create_template_endpoint;get_current_user;get_current_user_any_consent_status;get_db;require_org_member","","1","tests/test_bugs_found_by_the_real_data_sweep.py","TEST PRÉSENT MAIS NON EXÉCUTÉ dans cet audit (liaison par chemin littéral, heuristique)"
"POST","/organizations/{org_id}/notifications/templates/preview","api/routers/notification_templates.py","preview_template_endpoint","Notification Templates","permission org: settings:read; require_org_member; utilisateur connecté",";_dependency;get_current_user;get_current_user_any_consent_status;get_db;preview_template_endpoint;require_org_member","","0","","AUCUN TEST TROUVÉ PAR L'HEURISTIQUE"
"POST","/organizations/{org_id}/notifications/templates/test","api/routers/notification_templates.py","test_notification_endpoint","Notification Templates","permission org: settings:manage; require_org_member; utilisateur connecté",";_dependency;get_current_user;get_current_user_any_consent_status;get_db;require_org_member;test_notification_endpoint","","0","","AUCUN TEST TROUVÉ PAR L'HEURISTIQUE"
"DELETE","/organizations/{org_id}/notifications/templates/{template_id}","api/routers/notification_templates.py","delete_template_endpoint","Notification Templates","permission org: settings:manage; require_org_member; utilisateur connecté",";_dependency;delete_template_endpoint;get_current_user;get_current_user_any_consent_status;get_db;require_org_member","","1","tests/test_bugs_found_by_the_real_data_sweep.py","TEST PRÉSENT MAIS NON EXÉCUTÉ dans cet audit (liaison par chemin littéral, heuristique)"
"GET","/organizations/{org_id}/notifications/templates/{template_id}","api/routers/notification_templates.py","get_template_endpoint","Notification Templates","permission org: settings:read; require_org_member; utilisateur connecté",";_dependency;get_current_user;get_current_user_any_consent_status;get_db;get_template_endpoint;require_org_member","","1","tests/test_bugs_found_by_the_real_data_sweep.py","TEST PRÉSENT MAIS NON EXÉCUTÉ dans cet audit (liaison par chemin littéral, heuristique)"
"PATCH","/organizations/{org_id}/notifications/templates/{template_id}","api/routers/notification_templates.py","update_template_endpoint","Notification Templates","permission org: settings:manage; require_org_member; utilisateur connecté",";_dependency;get_current_user;get_current_user_any_consent_status;get_db;require_org_member;update_template_endpoint","","1","tests/test_bugs_found_by_the_real_data_sweep.py","TEST PRÉSENT MAIS NON EXÉCUTÉ dans cet audit (liaison par chemin littéral, heuristique)"
"POST","/organizations/{org_id}/notifications/whatsapp/send","api/routers/notifications.py","send_whatsapp_endpoint","Notifications","permission org: settings:manage; require_org_member; utilisateur connecté",";_dependency;get_current_user;get_current_user_any_consent_status;get_db;require_org_member;send_whatsapp_endpoint","","0","","AUCUN TEST TROUVÉ PAR L'HEURISTIQUE"
"GET","/organizations/{org_id}/plugins/installed","api/routers/plugins.py","list_installed_plugins_endpoint","Plugin marketplace","permission org: integrations:read; require_org_member; utilisateur connecté",";_dependency;get_current_user;get_current_user_any_consent_status;get_db;list_installed_plugins_endpoint;require_org_member","","2","tests/test_plugin_marketplace.py;tests/test_plugins.py","TEST PRÉSENT MAIS NON EXÉCUTÉ dans cet audit (liaison par chemin littéral, heuristique)"
"DELETE","/organizations/{org_id}/plugins/installed/{installation_id}","api/routers/plugins.py","uninstall_plugin_endpoint","Plugin marketplace","permission org: integrations:manage; require_org_member; utilisateur connecté",";_dependency;get_current_user;get_current_user_any_consent_status;get_db;require_org_member;uninstall_plugin_endpoint","","1","tests/test_plugin_marketplace.py","TEST PRÉSENT MAIS NON EXÉCUTÉ dans cet audit (liaison par chemin littéral, heuristique)"
"PATCH","/organizations/{org_id}/plugins/installed/{installation_id}","api/routers/plugins.py","update_installation_endpoint","Plugin marketplace","permission org: integrations:manage; require_org_member; utilisateur connecté",";_dependency;get_current_user;get_current_user_any_consent_status;get_db;require_org_member;update_installation_endpoint","","1","tests/test_plugin_marketplace.py","TEST PRÉSENT MAIS NON EXÉCUTÉ dans cet audit (liaison par chemin littéral, heuristique)"
"POST","/organizations/{org_id}/plugins/publish","api/routers/plugins.py","publish_plugin_endpoint","Plugin marketplace","permission org: integrations:manage; require_org_member; utilisateur connecté",";_dependency;get_current_user;get_current_user_any_consent_status;get_db;publish_plugin_endpoint;require_org_member","","4","tests/plugin_test_helpers.py;tests/test_plugin_marketplace.py;tests/test_plugin_sandbox.py;tests/test_plugins.py","TEST PRÉSENT MAIS NON EXÉCUTÉ dans cet audit (liaison par chemin littéral, heuristique)"
"GET","/organizations/{org_id}/plugins/published","api/routers/plugins.py","list_published_plugins_endpoint","Plugin marketplace","permission org: integrations:read; require_org_member; utilisateur connecté",";_dependency;get_current_user;get_current_user_any_consent_status;get_db;list_published_plugins_endpoint;require_org_member","","0","","AUCUN TEST TROUVÉ PAR L'HEURISTIQUE"
"DELETE","/organizations/{org_id}/plugins/{plugin_id}","api/routers/plugins.py","delete_plugin_endpoint","Plugin marketplace","permission org: integrations:manage; require_org_member; utilisateur connecté",";_dependency;delete_plugin_endpoint;get_current_user;get_current_user_any_consent_status;get_db;require_org_member","","4","tests/test_plugin_marketplace.py;tests/test_plugin_reviews.py;tests/test_plugin_sandbox.py;tests/test_plugins.py","TEST PRÉSENT MAIS NON EXÉCUTÉ dans cet audit (liaison par chemin littéral, heuristique)"
"PUT","/organizations/{org_id}/plugins/{plugin_id}","api/routers/plugins.py","republish_plugin_endpoint","Plugin marketplace","permission org: integrations:manage; require_org_member; utilisateur connecté",";_dependency;get_current_user;get_current_user_any_consent_status;get_db;republish_plugin_endpoint;require_org_member","","4","tests/test_plugin_marketplace.py;tests/test_plugin_reviews.py;tests/test_plugin_sandbox.py;tests/test_plugins.py","TEST PRÉSENT MAIS NON EXÉCUTÉ dans cet audit (liaison par chemin littéral, heuristique)"
"POST","/organizations/{org_id}/plugins/{plugin_id}/execute","api/routers/plugins.py","execute_plugin_endpoint","Plugin marketplace","permission org: integrations:read; require_org_member; utilisateur connecté",";_dependency;execute_plugin_endpoint;get_current_user;get_current_user_any_consent_status;get_db;require_org_member","","1","tests/test_plugin_sandbox.py","TEST PRÉSENT MAIS NON EXÉCUTÉ dans cet audit (liaison par chemin littéral, heuristique)"
"GET","/organizations/{org_id}/plugins/{plugin_id}/executions","api/routers/plugins.py","list_plugin_executions_endpoint","Plugin marketplace","permission org: integrations:read; require_org_member; utilisateur connecté",";_dependency;get_current_user;get_current_user_any_consent_status;get_db;list_plugin_executions_endpoint;require_org_member","","1","tests/test_plugin_sandbox.py","TEST PRÉSENT MAIS NON EXÉCUTÉ dans cet audit (liaison par chemin littéral, heuristique)"
"POST","/organizations/{org_id}/plugins/{plugin_id}/install","api/routers/plugins.py","install_plugin_endpoint","Plugin marketplace","permission org: integrations:manage; require_org_member; utilisateur connecté",";_dependency;get_current_user;get_current_user_any_consent_status;get_db;install_plugin_endpoint;require_org_member","","2","tests/test_plugin_marketplace.py;tests/test_plugins.py","TEST PRÉSENT MAIS NON EXÉCUTÉ dans cet audit (liaison par chemin littéral, heuristique)"
"POST","/organizations/{org_id}/plugins/{plugin_id}/reviews","api/routers/plugins.py","submit_review_endpoint","Plugin marketplace","permission org: integrations:read; require_org_member; utilisateur connecté",";_dependency;get_current_user;get_current_user_any_consent_status;get_db;require_org_member;submit_review_endpoint","","1","tests/test_plugin_reviews.py","TEST PRÉSENT MAIS NON EXÉCUTÉ dans cet audit (liaison par chemin littéral, heuristique)"
"GET","/organizations/{org_id}/quality-alerts/channels","api/routers/quality_alerts.py","list_quality_channels_endpoint","quality-alerts","permission org: evaluation:manage; require_org_member; utilisateur connecté",";_dependency;get_current_user;get_current_user_any_consent_status;get_db;list_quality_channels_endpoint;require_org_member","","1","tests/test_quality_alerts_router.py","TEST PRÉSENT MAIS NON EXÉCUTÉ dans cet audit (liaison par chemin littéral, heuristique)"
"POST","/organizations/{org_id}/quality-alerts/channels","api/routers/quality_alerts.py","create_quality_channel_endpoint","quality-alerts","permission org: evaluation:manage; require_org_member; utilisateur connecté",";_dependency;create_quality_channel_endpoint;get_current_user;get_current_user_any_consent_status;get_db;require_org_member","","1","tests/test_quality_alerts_router.py","TEST PRÉSENT MAIS NON EXÉCUTÉ dans cet audit (liaison par chemin littéral, heuristique)"
"DELETE","/organizations/{org_id}/quality-alerts/channels/{channel_id}","api/routers/quality_alerts.py","delete_quality_channel_endpoint","quality-alerts","permission org: evaluation:manage; require_org_member; utilisateur connecté",";_dependency;delete_quality_channel_endpoint;get_current_user;get_current_user_any_consent_status;get_db;require_org_member","","1","tests/test_quality_alerts_router.py","TEST PRÉSENT MAIS NON EXÉCUTÉ dans cet audit (liaison par chemin littéral, heuristique)"
"GET","/organizations/{org_id}/quality-alerts/history","api/routers/quality_alerts.py","quality_alert_history_endpoint","quality-alerts","permission org: evaluation:manage; require_org_member; utilisateur connecté",";_dependency;get_current_user;get_current_user_any_consent_status;get_db;quality_alert_history_endpoint;require_org_member","","1","tests/test_quality_alerts_router.py","TEST PRÉSENT MAIS NON EXÉCUTÉ dans cet audit (liaison par chemin littéral, heuristique)"
"GET","/organizations/{org_id}/quality-alerts/metrics","api/routers/quality_alerts.py","list_quality_metrics_endpoint","quality-alerts","permission org: evaluation:manage; require_org_member; utilisateur connecté",";_dependency;get_current_user;get_current_user_any_consent_status;get_db;list_quality_metrics_endpoint;require_org_member","","1","tests/test_quality_alerts_router.py","TEST PRÉSENT MAIS NON EXÉCUTÉ dans cet audit (liaison par chemin littéral, heuristique)"
"GET","/organizations/{org_id}/quality-alerts/rules","api/routers/quality_alerts.py","list_quality_rules_endpoint","quality-alerts","permission org: evaluation:manage; require_org_member; utilisateur connecté",";_dependency;get_current_user;get_current_user_any_consent_status;get_db;list_quality_rules_endpoint;require_org_member","","1","tests/test_quality_alerts_router.py","TEST PRÉSENT MAIS NON EXÉCUTÉ dans cet audit (liaison par chemin littéral, heuristique)"
"POST","/organizations/{org_id}/quality-alerts/rules","api/routers/quality_alerts.py","create_quality_rule_endpoint","quality-alerts","permission org: evaluation:manage; require_org_member; utilisateur connecté",";_dependency;create_quality_rule_endpoint;get_current_user;get_current_user_any_consent_status;get_db;require_org_member","","1","tests/test_quality_alerts_router.py","TEST PRÉSENT MAIS NON EXÉCUTÉ dans cet audit (liaison par chemin littéral, heuristique)"
"DELETE","/organizations/{org_id}/quality-alerts/rules/{rule_id}","api/routers/quality_alerts.py","delete_quality_rule_endpoint","quality-alerts","permission org: evaluation:manage; require_org_member; utilisateur connecté",";_dependency;delete_quality_rule_endpoint;get_current_user;get_current_user_any_consent_status;get_db;require_org_member","","1","tests/test_quality_alerts_router.py","TEST PRÉSENT MAIS NON EXÉCUTÉ dans cet audit (liaison par chemin littéral, heuristique)"
"PATCH","/organizations/{org_id}/quality-alerts/rules/{rule_id}","api/routers/quality_alerts.py","update_quality_rule_endpoint","quality-alerts","permission org: evaluation:manage; require_org_member; utilisateur connecté",";_dependency;get_current_user;get_current_user_any_consent_status;get_db;require_org_member;update_quality_rule_endpoint","","1","tests/test_quality_alerts_router.py","TEST PRÉSENT MAIS NON EXÉCUTÉ dans cet audit (liaison par chemin littéral, heuristique)"
"POST","/organizations/{org_id}/quality-alerts/rules/{rule_id}/test","api/routers/quality_alerts.py","test_quality_rule_endpoint","quality-alerts","permission org: evaluation:manage; require_org_member; utilisateur connecté",";_dependency;get_current_user;get_current_user_any_consent_status;get_db;require_org_member;test_quality_rule_endpoint","","0","","AUCUN TEST TROUVÉ PAR L'HEURISTIQUE"
"GET","/organizations/{org_id}/quality/dashboard","api/routers/quality_dashboard.py","get_quality_dashboard_endpoint","quality-dashboard","permission org: evaluation:manage; require_org_member; utilisateur connecté",";_dependency;get_current_user;get_current_user_any_consent_status;get_db;get_quality_dashboard_endpoint;require_org_member","","1","tests/test_quality_dashboard.py","TEST PRÉSENT MAIS NON EXÉCUTÉ dans cet audit (liaison par chemin littéral, heuristique)"
"GET","/organizations/{org_id}/quality/export","api/routers/quality_dashboard.py","export_quality_metrics_endpoint","quality-dashboard","permission org: evaluation:manage; require_org_member; utilisateur connecté",";_dependency;export_quality_metrics_endpoint;get_current_user;get_current_user_any_consent_status;get_db;require_org_member","","1","tests/test_quality_dashboard.py","TEST PRÉSENT MAIS NON EXÉCUTÉ dans cet audit (liaison par chemin littéral, heuristique)"
"GET","/organizations/{org_id}/quality/metrics","api/routers/quality_dashboard.py","get_quality_metrics_endpoint","quality-dashboard","permission org: evaluation:manage; require_org_member; utilisateur connecté",";_dependency;get_current_user;get_current_user_any_consent_status;get_db;get_quality_metrics_endpoint;require_org_member","","0","","AUCUN TEST TROUVÉ PAR L'HEURISTIQUE"
"GET","/organizations/{org_id}/quality/responses","api/routers/quality_dashboard.py","get_quality_responses_endpoint","quality-dashboard","permission org: evaluation:manage; require_org_member; utilisateur connecté",";_dependency;get_current_user;get_current_user_any_consent_status;get_db;get_quality_responses_endpoint;require_org_member","","1","tests/test_quality_dashboard.py","TEST PRÉSENT MAIS NON EXÉCUTÉ dans cet audit (liaison par chemin littéral, heuristique)"
"GET","/organizations/{org_id}/quality/trends","api/routers/quality_dashboard.py","get_quality_trends_endpoint","quality-dashboard","permission org: evaluation:manage; require_org_member; utilisateur connecté",";_dependency;get_current_user;get_current_user_any_consent_status;get_db;get_quality_trends_endpoint;require_org_member","","0","","AUCUN TEST TROUVÉ PAR L'HEURISTIQUE"
"GET","/organizations/{org_id}/quotas","api/routers/quotas.py","get_organization_quotas","quotas","require_org_admin; require_org_member; utilisateur connecté",";get_current_user;get_current_user_any_consent_status;get_db;get_organization_quotas;require_org_admin;require_org_member","","2","tests/test_agents.py;tests/test_quotas.py","TEST PRÉSENT MAIS NON EXÉCUTÉ dans cet audit (liaison par chemin littéral, heuristique)"
"PATCH","/organizations/{org_id}/quotas","api/routers/quotas.py","update_organization_quotas","quotas","require_org_member; require_org_owner; utilisateur connecté",";get_current_user;get_current_user_any_consent_status;get_db;require_org_member;require_org_owner;update_organization_quotas","","2","tests/test_agents.py;tests/test_quotas.py","TEST PRÉSENT MAIS NON EXÉCUTÉ dans cet audit (liaison par chemin littéral, heuristique)"
"POST","/organizations/{org_id}/rag-control-plane/health-check","api/routers/rag_control_plane.py","run_health_check_endpoint","rag-control-plane","permission org: evaluation:manage; require_org_member; utilisateur connecté",";_dependency;get_current_user;get_current_user_any_consent_status;get_db;require_org_member;run_health_check_endpoint","","1","tests/test_rag_control_plane_router.py","TEST PRÉSENT MAIS NON EXÉCUTÉ dans cet audit (liaison par chemin littéral, heuristique)"
"GET","/organizations/{org_id}/rbac/permissions","api/routers/rbac.py","list_permissions_endpoint","RBAC","permission org: members:manage; require_org_member; utilisateur connecté",";_dependency;get_current_user;get_current_user_any_consent_status;get_db;list_permissions_endpoint;require_org_member","","1","tests/test_rbac_custom.py","TEST PRÉSENT MAIS NON EXÉCUTÉ dans cet audit (liaison par chemin littéral, heuristique)"
"GET","/organizations/{org_id}/rbac/roles","api/routers/rbac.py","list_roles_endpoint","RBAC","permission org: members:manage; require_org_member; utilisateur connecté",";_dependency;get_current_user;get_current_user_any_consent_status;get_db;list_roles_endpoint;require_org_member","","1","tests/test_rbac_custom.py","TEST PRÉSENT MAIS NON EXÉCUTÉ dans cet audit (liaison par chemin littéral, heuristique)"
"POST","/organizations/{org_id}/rbac/roles","api/routers/rbac.py","create_role_endpoint","RBAC","permission org: members:manage; require_org_member; utilisateur connecté",";_dependency;create_role_endpoint;get_current_user;get_current_user_any_consent_status;get_db;require_org_member","","1","tests/test_rbac_custom.py","TEST PRÉSENT MAIS NON EXÉCUTÉ dans cet audit (liaison par chemin littéral, heuristique)"
"DELETE","/organizations/{org_id}/rbac/roles/{role_id}","api/routers/rbac.py","delete_role_endpoint","RBAC","permission org: members:manage; require_org_member; utilisateur connecté",";_dependency;delete_role_endpoint;get_current_user;get_current_user_any_consent_status;get_db;require_org_member","","1","tests/test_rbac_custom.py","TEST PRÉSENT MAIS NON EXÉCUTÉ dans cet audit (liaison par chemin littéral, heuristique)"
"GET","/organizations/{org_id}/rbac/roles/{role_id}","api/routers/rbac.py","get_role_endpoint","RBAC","permission org: members:manage; require_org_member; utilisateur connecté",";_dependency;get_current_user;get_current_user_any_consent_status;get_db;get_role_endpoint;require_org_member","","1","tests/test_rbac_custom.py","TEST PRÉSENT MAIS NON EXÉCUTÉ dans cet audit (liaison par chemin littéral, heuristique)"
"PATCH","/organizations/{org_id}/rbac/roles/{role_id}","api/routers/rbac.py","update_role_endpoint","RBAC","permission org: members:manage; require_org_member; utilisateur connecté",";_dependency;get_current_user;get_current_user_any_consent_status;get_db;require_org_member;update_role_endpoint","","1","tests/test_rbac_custom.py","TEST PRÉSENT MAIS NON EXÉCUTÉ dans cet audit (liaison par chemin littéral, heuristique)"
"POST","/organizations/{org_id}/rbac/roles/{role_id}/permissions","api/routers/rbac.py","assign_permissions_endpoint","RBAC","permission org: members:manage; require_org_member; utilisateur connecté",";_dependency;assign_permissions_endpoint;get_current_user;get_current_user_any_consent_status;get_db;require_org_member","","1","tests/test_rbac_custom.py","TEST PRÉSENT MAIS NON EXÉCUTÉ dans cet audit (liaison par chemin littéral, heuristique)"
"DELETE","/organizations/{org_id}/rbac/roles/{role_id}/permissions/{permission_id}","api/routers/rbac.py","remove_permission_endpoint","RBAC","permission org: members:manage; require_org_member; utilisateur connecté",";_dependency;get_current_user;get_current_user_any_consent_status;get_db;remove_permission_endpoint;require_org_member","","0","","AUCUN TEST TROUVÉ PAR L'HEURISTIQUE"
"GET","/organizations/{org_id}/rbac/users/{user_id}/permissions","api/routers/rbac.py","get_user_permissions_endpoint","RBAC","permission org: members:manage; require_org_member; utilisateur connecté",";_dependency;get_current_user;get_current_user_any_consent_status;get_db;get_user_permissions_endpoint;require_org_member","","1","tests/test_rbac_custom.py","TEST PRÉSENT MAIS NON EXÉCUTÉ dans cet audit (liaison par chemin littéral, heuristique)"
"POST","/organizations/{org_id}/rbac/users/{user_id}/roles","api/routers/rbac.py","assign_role_to_user_endpoint","RBAC","permission org: members:manage; require_org_member; utilisateur connecté",";_dependency;assign_role_to_user_endpoint;get_current_user;get_current_user_any_consent_status;get_db;require_org_member","","1","tests/test_rbac_custom.py","TEST PRÉSENT MAIS NON EXÉCUTÉ dans cet audit (liaison par chemin littéral, heuristique)"
"DELETE","/organizations/{org_id}/rbac/users/{user_id}/roles/{role_id}","api/routers/rbac.py","remove_role_from_user_endpoint","RBAC","permission org: members:manage; require_org_member; utilisateur connecté",";_dependency;get_current_user;get_current_user_any_consent_status;get_db;remove_role_from_user_endpoint;require_org_member","","0","","AUCUN TEST TROUVÉ PAR L'HEURISTIQUE"
"GET","/organizations/{org_id}/reindex-schedules","api/routers/reindex_schedules.py","list_reindex_schedules_route","reindex-schedules","permission org: documents:manage; require_org_member; utilisateur connecté",";_dependency;get_current_user;get_current_user_any_consent_status;get_db;list_reindex_schedules_route;require_org_member","","1","tests/test_reindex_schedules.py","TEST PRÉSENT MAIS NON EXÉCUTÉ dans cet audit (liaison par chemin littéral, heuristique)"
"POST","/organizations/{org_id}/reindex-schedules","api/routers/reindex_schedules.py","create_reindex_schedule_route","reindex-schedules","permission org: documents:manage; require_org_member; utilisateur connecté",";_dependency;create_reindex_schedule_route;get_current_user;get_current_user_any_consent_status;get_db;require_org_member","","1","tests/test_reindex_schedules.py","TEST PRÉSENT MAIS NON EXÉCUTÉ dans cet audit (liaison par chemin littéral, heuristique)"
"GET","/organizations/{org_id}/retrieval-diagnostics","api/routers/retrieval_diagnostics.py","list_retrieval_diagnostics_endpoint","retrieval-diagnostics","permission org: documents:read; require_org_member; utilisateur connecté",";_dependency;get_current_user;get_current_user_any_consent_status;get_db;list_retrieval_diagnostics_endpoint;require_org_member","","1","tests/test_retrieval_diagnostics.py","TEST PRÉSENT MAIS NON EXÉCUTÉ dans cet audit (liaison par chemin littéral, heuristique)"
"GET","/organizations/{org_id}/sandbox","api/routers/sandbox.py","list_sandboxes","sandbox","permission org: settings:read; require_org_member; utilisateur connecté",";_dependency;get_current_user;get_current_user_any_consent_status;get_db;list_sandboxes;require_org_member","","1","tests/test_sandbox.py","TEST PRÉSENT MAIS NON EXÉCUTÉ dans cet audit (liaison par chemin littéral, heuristique)"
"POST","/organizations/{org_id}/sandbox","api/routers/sandbox.py","create_sandbox","sandbox","permission org: settings:manage; require_org_member; utilisateur connecté",";_dependency;create_sandbox;get_current_user;get_current_user_any_consent_status;get_db;require_org_member","","1","tests/test_sandbox.py","TEST PRÉSENT MAIS NON EXÉCUTÉ dans cet audit (liaison par chemin littéral, heuristique)"
"DELETE","/organizations/{org_id}/sandbox/{sandbox_id}","api/routers/sandbox.py","delete_sandbox","sandbox","permission org: settings:manage; require_org_member; utilisateur connecté",";_dependency;delete_sandbox;get_current_user;get_current_user_any_consent_status;get_db;require_org_member","","1","tests/test_sandbox.py","TEST PRÉSENT MAIS NON EXÉCUTÉ dans cet audit (liaison par chemin littéral, heuristique)"
"POST","/organizations/{org_id}/sandbox/{sandbox_id}/reset","api/routers/sandbox.py","reset_sandbox","sandbox","permission org: settings:manage; require_org_member; utilisateur connecté",";_dependency;get_current_user;get_current_user_any_consent_status;get_db;require_org_member;reset_sandbox","","1","tests/test_sandbox.py","TEST PRÉSENT MAIS NON EXÉCUTÉ dans cet audit (liaison par chemin littéral, heuristique)"
"POST","/organizations/{org_id}/search","api/routers/search.py","search_organization_documents","search","permission org: documents:read; require_org_member; utilisateur connecté",";_dependency;get_current_user;get_current_user_any_consent_status;get_db;require_org_member;search_organization_documents","","4","tests/test_audit_tenant_isolation.py;tests/test_metadata_filtering.py;tests/test_no_unhandled_errors_sweep.py;tests/test_search.py","TEST PRÉSENT MAIS NON EXÉCUTÉ dans cet audit (liaison par chemin littéral, heuristique)"
"GET","/organizations/{org_id}/security/alerts","api/routers/security_scan.py","list_alerts_endpoint","Security scanning","permission org: security:manage; require_org_member; utilisateur connecté",";_dependency;get_current_user;get_current_user_any_consent_status;get_db;list_alerts_endpoint;require_org_member","","1","tests/test_security_scan.py","TEST PRÉSENT MAIS NON EXÉCUTÉ dans cet audit (liaison par chemin littéral, heuristique)"
"POST","/organizations/{org_id}/security/alerts/{alert_id}/dismiss","api/routers/security_scan.py","dismiss_alert_endpoint","Security scanning","permission org: security:manage; require_org_member; utilisateur connecté",";_dependency;dismiss_alert_endpoint;get_current_user;get_current_user_any_consent_status;get_db;require_org_member","","1","tests/test_security_scan.py","TEST PRÉSENT MAIS NON EXÉCUTÉ dans cet audit (liaison par chemin littéral, heuristique)"
"GET","/organizations/{org_id}/security/policies","api/routers/security_scan.py","get_policies_endpoint","Security scanning","permission org: security:manage; require_org_member; utilisateur connecté",";_dependency;get_current_user;get_current_user_any_consent_status;get_db;get_policies_endpoint;require_org_member","","1","tests/test_security_scan.py","TEST PRÉSENT MAIS NON EXÉCUTÉ dans cet audit (liaison par chemin littéral, heuristique)"
"PATCH","/organizations/{org_id}/security/policies","api/routers/security_scan.py","update_policies_endpoint","Security scanning","permission org: security:manage; require_org_member; utilisateur connecté",";_dependency;get_current_user;get_current_user_any_consent_status;get_db;require_org_member;update_policies_endpoint","","1","tests/test_security_scan.py","TEST PRÉSENT MAIS NON EXÉCUTÉ dans cet audit (liaison par chemin littéral, heuristique)"
"GET","/organizations/{org_id}/security/report","api/routers/security_scan.py","get_report_endpoint","Security scanning","permission org: security:manage; require_org_member; utilisateur connecté",";_dependency;get_current_user;get_current_user_any_consent_status;get_db;get_report_endpoint;require_org_member","","0","","AUCUN TEST TROUVÉ PAR L'HEURISTIQUE"
"POST","/organizations/{org_id}/security/scan","api/routers/security_scan.py","run_scan_endpoint","Security scanning","permission org: security:manage; require_org_member; utilisateur connecté",";_dependency;get_current_user;get_current_user_any_consent_status;get_db;require_org_member;run_scan_endpoint","","1","tests/test_security_scan.py","TEST PRÉSENT MAIS NON EXÉCUTÉ dans cet audit (liaison par chemin littéral, heuristique)"
"GET","/organizations/{org_id}/security/scans","api/routers/security_scan.py","list_scans_endpoint","Security scanning","permission org: security:manage; require_org_member; utilisateur connecté",";_dependency;get_current_user;get_current_user_any_consent_status;get_db;list_scans_endpoint;require_org_member","","1","tests/test_security_scan.py","TEST PRÉSENT MAIS NON EXÉCUTÉ dans cet audit (liaison par chemin littéral, heuristique)"
"GET","/organizations/{org_id}/security/scans/{scan_id}","api/routers/security_scan.py","get_scan_endpoint","Security scanning","permission org: security:manage; require_org_member; utilisateur connecté",";_dependency;get_current_user;get_current_user_any_consent_status;get_db;get_scan_endpoint;require_org_member","","0","","AUCUN TEST TROUVÉ PAR L'HEURISTIQUE"
"GET","/organizations/{org_id}/security/score","api/routers/security_scan.py","get_score_endpoint","Security scanning","permission org: security:manage; require_org_member; utilisateur connecté",";_dependency;get_current_user;get_current_user_any_consent_status;get_db;get_score_endpoint;require_org_member","","0","","AUCUN TEST TROUVÉ PAR L'HEURISTIQUE"
"GET","/organizations/{org_id}/security/vulnerabilities","api/routers/security_scan.py","list_vulnerabilities_endpoint","Security scanning","permission org: security:manage; require_org_member; utilisateur connecté",";_dependency;get_current_user;get_current_user_any_consent_status;get_db;list_vulnerabilities_endpoint;require_org_member","","0","","AUCUN TEST TROUVÉ PAR L'HEURISTIQUE"
"GET","/organizations/{org_id}/security/vulnerabilities/{vuln_id}","api/routers/security_scan.py","get_vulnerability_endpoint","Security scanning","permission org: security:manage; require_org_member; utilisateur connecté",";_dependency;get_current_user;get_current_user_any_consent_status;get_db;get_vulnerability_endpoint;require_org_member","","0","","AUCUN TEST TROUVÉ PAR L'HEURISTIQUE"
"PATCH","/organizations/{org_id}/security/vulnerabilities/{vuln_id}","api/routers/security_scan.py","update_vulnerability_endpoint","Security scanning","permission org: security:manage; require_org_member; utilisateur connecté",";_dependency;get_current_user;get_current_user_any_consent_status;get_db;require_org_member;update_vulnerability_endpoint","","0","","AUCUN TEST TROUVÉ PAR L'HEURISTIQUE"
"GET","/organizations/{org_id}/settings","api/routers/organization_settings.py","get_organization_settings","organization-settings","permission org: settings:manage; require_org_member; utilisateur connecté",";_dependency;get_current_user;get_current_user_any_consent_status;get_db;get_organization_settings;require_org_member","","5","tests/test_a2a_router.py;tests/test_citations.py;tests/test_log_correlation.py;tests/test_organization_settings.py","TEST PRÉSENT MAIS NON EXÉCUTÉ dans cet audit (liaison par chemin littéral, heuristique)"
"PATCH","/organizations/{org_id}/settings","api/routers/organization_settings.py","update_organization_settings","organization-settings","require_org_member; require_org_owner; utilisateur connecté",";get_current_user;get_current_user_any_consent_status;get_db;require_org_member;require_org_owner;update_organization_settings","","5","tests/test_a2a_router.py;tests/test_citations.py;tests/test_log_correlation.py;tests/test_organization_settings.py","TEST PRÉSENT MAIS NON EXÉCUTÉ dans cet audit (liaison par chemin littéral, heuristique)"
"GET","/organizations/{org_id}/sources","api/routers/external_sources.py","list_external_sources_route","external-sources","require_org_manager; require_org_member; utilisateur connecté",";get_current_user;get_current_user_any_consent_status;get_db;list_external_sources_route;require_org_manager;require_org_member","","1","tests/test_external_sources.py","TEST PRÉSENT MAIS NON EXÉCUTÉ dans cet audit (liaison par chemin littéral, heuristique)"
"POST","/organizations/{org_id}/sources","api/routers/external_sources.py","create_external_source_route","external-sources","require_org_manager; require_org_member; utilisateur connecté",";create_external_source_route;get_current_user;get_current_user_any_consent_status;get_db;require_org_manager;require_org_member","","1","tests/test_external_sources.py","TEST PRÉSENT MAIS NON EXÉCUTÉ dans cet audit (liaison par chemin littéral, heuristique)"
"GET","/organizations/{org_id}/suggested-questions","api/routers/questions.py","get_suggested_questions_endpoint","questions","permission org: evaluation:read; require_org_member; utilisateur connecté",";_dependency;get_current_user;get_current_user_any_consent_status;get_db;get_suggested_questions_endpoint;require_org_member","","1","tests/test_suggested_questions.py","TEST PRÉSENT MAIS NON EXÉCUTÉ dans cet audit (liaison par chemin littéral, heuristique)"
"GET","/organizations/{org_id}/support/tickets","api/routers/sales.py","list_tickets_endpoint","Sales","permission org: billing:write; require_org_member; utilisateur connecté",";_dependency;get_current_user;get_current_user_any_consent_status;get_db;list_tickets_endpoint;require_org_member","","1","tests/test_sales_models.py","TEST PRÉSENT MAIS NON EXÉCUTÉ dans cet audit (liaison par chemin littéral, heuristique)"
"POST","/organizations/{org_id}/support/tickets","api/routers/sales.py","create_ticket_endpoint","Sales","permission org: billing:write; require_org_member; utilisateur connecté",";_dependency;create_ticket_endpoint;get_current_user;get_current_user_any_consent_status;get_db;require_org_member","","1","tests/test_sales_models.py","TEST PRÉSENT MAIS NON EXÉCUTÉ dans cet audit (liaison par chemin littéral, heuristique)"
"POST","/organizations/{org_id}/support/tickets/{ticket_id}/respond","api/routers/sales.py","respond_ticket_endpoint","Sales","permission org: billing:write; require_org_member; utilisateur connecté",";_dependency;get_current_user;get_current_user_any_consent_status;get_db;require_org_member;respond_ticket_endpoint","","1","tests/test_sales_models.py","TEST PRÉSENT MAIS NON EXÉCUTÉ dans cet audit (liaison par chemin littéral, heuristique)"
"GET","/organizations/{org_id}/support/tickets/{ticket_id}/sla","api/routers/sales.py","ticket_sla_endpoint","Sales","permission org: billing:write; require_org_member; utilisateur connecté",";_dependency;get_current_user;get_current_user_any_consent_status;get_db;require_org_member;ticket_sla_endpoint","","1","tests/test_sales_models.py","TEST PRÉSENT MAIS NON EXÉCUTÉ dans cet audit (liaison par chemin littéral, heuristique)"
"GET","/organizations/{org_id}/tags","api/routers/documents.py","list_organization_tags","documents","permission org: documents:read; require_org_member; utilisateur connecté",";_dependency;get_current_user;get_current_user_any_consent_status;get_db;list_organization_tags;require_org_member","","1","tests/test_documents.py","TEST PRÉSENT MAIS NON EXÉCUTÉ dans cet audit (liaison par chemin littéral, heuristique)"
"POST","/organizations/{org_id}/tags","api/routers/documents.py","create_organization_tag","documents","permission org: documents:write; require_org_member; utilisateur connecté",";_dependency;create_organization_tag;get_current_user;get_current_user_any_consent_status;get_db;require_org_member","","1","tests/test_documents.py","TEST PRÉSENT MAIS NON EXÉCUTÉ dans cet audit (liaison par chemin littéral, heuristique)"
"GET","/organizations/{org_id}/teams","api/routers/teams.py","list_teams","teams","require_org_manager; require_org_member; utilisateur connecté",";get_current_user;get_current_user_any_consent_status;get_db;list_teams;require_org_manager;require_org_member","","4","tests/test_quotas.py;tests/test_teams.py;tests/test_usage.py;tests/test_user_limits.py","TEST PRÉSENT MAIS NON EXÉCUTÉ dans cet audit (liaison par chemin littéral, heuristique)"
"POST","/organizations/{org_id}/teams","api/routers/teams.py","create_team","teams","require_org_manager; require_org_member; utilisateur connecté",";_check;create_team;get_current_user;get_current_user_any_consent_status;get_db;require_org_manager;require_org_member","","4","tests/test_quotas.py;tests/test_teams.py;tests/test_usage.py;tests/test_user_limits.py","TEST PRÉSENT MAIS NON EXÉCUTÉ dans cet audit (liaison par chemin littéral, heuristique)"
"GET","/organizations/{org_id}/thresholds","api/routers/regression_thresholds.py","list_regression_thresholds_endpoint","regression-thresholds","permission org: evaluation:manage; require_org_member; utilisateur connecté",";_dependency;get_current_user;get_current_user_any_consent_status;get_db;list_regression_thresholds_endpoint;require_org_member","","1","tests/test_regression_thresholds_endpoints.py","TEST PRÉSENT MAIS NON EXÉCUTÉ dans cet audit (liaison par chemin littéral, heuristique)"
"POST","/organizations/{org_id}/thresholds","api/routers/regression_thresholds.py","set_regression_threshold_endpoint","regression-thresholds","permission org: evaluation:manage; require_org_member; utilisateur connecté",";_dependency;get_current_user;get_current_user_any_consent_status;get_db;require_org_member;set_regression_threshold_endpoint","","1","tests/test_regression_thresholds_endpoints.py","TEST PRÉSENT MAIS NON EXÉCUTÉ dans cet audit (liaison par chemin littéral, heuristique)"
"POST","/organizations/{org_id}/thresholds/check","api/routers/regression_thresholds.py","check_regression_thresholds_endpoint","regression-thresholds","permission org: evaluation:manage; require_org_member; utilisateur connecté",";_dependency;check_regression_thresholds_endpoint;get_current_user;get_current_user_any_consent_status;get_db;require_org_member","","1","tests/test_regression_thresholds_endpoints.py","TEST PRÉSENT MAIS NON EXÉCUTÉ dans cet audit (liaison par chemin littéral, heuristique)"
"GET","/organizations/{org_id}/twilio/calls","api/routers/twilio.py","list_organization_calls_endpoint","telephony","permission org: conversations:read; require_org_member; utilisateur connecté",";_dependency;get_current_user;get_current_user_any_consent_status;get_db;list_organization_calls_endpoint;require_org_member","","1","tests/test_p0_twilio_tenant_isolation.py","TEST PRÉSENT MAIS NON EXÉCUTÉ dans cet audit (liaison par chemin littéral, heuristique)"
"POST","/organizations/{org_id}/twilio/calls/{call_sid}/end","api/routers/twilio.py","end_organization_call_endpoint","telephony","permission org: integrations:write; require_org_member; utilisateur connecté",";_dependency;end_organization_call_endpoint;get_current_user;get_current_user_any_consent_status;get_db;require_org_member","","0","","AUCUN TEST TROUVÉ PAR L'HEURISTIQUE"
"POST","/organizations/{org_id}/twilio/outbound","api/routers/twilio.py","place_organization_call_endpoint","telephony","permission org: integrations:write; require_org_member; utilisateur connecté",";_dependency;get_current_user;get_current_user_any_consent_status;get_db;place_organization_call_endpoint;require_org_member","","1","tests/test_p0_twilio_tenant_isolation.py","TEST PRÉSENT MAIS NON EXÉCUTÉ dans cet audit (liaison par chemin littéral, heuristique)"
"GET","/organizations/{org_id}/usage","api/routers/usage.py","get_organization_usage","usage","permission org: billing:manage; require_org_member; utilisateur connecté",";_dependency;get_current_user;get_current_user_any_consent_status;get_db;get_organization_usage;require_org_member","","2","tests/test_admin_organizations.py;tests/test_usage.py","TEST PRÉSENT MAIS NON EXÉCUTÉ dans cet audit (liaison par chemin littéral, heuristique)"
"GET","/organizations/{org_id}/usage/details","api/routers/usage.py","get_organization_usage_details","usage","permission org: billing:manage; require_org_member; utilisateur connecté",";_dependency;get_current_user;get_current_user_any_consent_status;get_db;get_organization_usage_details;require_org_member","","1","tests/test_usage.py","TEST PRÉSENT MAIS NON EXÉCUTÉ dans cet audit (liaison par chemin littéral, heuristique)"
"GET","/organizations/{org_id}/usage/export","api/routers/usage.py","export_organization_usage","usage","permission org: billing:manage; require_org_member; utilisateur connecté",";_dependency;export_organization_usage;get_current_user;get_current_user_any_consent_status;get_db;require_org_member","","1","tests/test_usage.py","TEST PRÉSENT MAIS NON EXÉCUTÉ dans cet audit (liaison par chemin littéral, heuristique)"
"GET","/organizations/{org_id}/users/me/tools/permissions","api/routers/tool_permissions.py","get_my_available_tools","tool-permissions","permission org: integrations:read; require_org_member; utilisateur connecté",";_dependency;get_current_user;get_current_user_any_consent_status;get_db;get_my_available_tools;require_org_member","","1","tests/test_tool_permissions.py","TEST PRÉSENT MAIS NON EXÉCUTÉ dans cet audit (liaison par chemin littéral, heuristique)"
"GET","/organizations/{org_id}/webhooks","api/routers/webhooks.py","list_webhooks_endpoint","Webhooks","permission org: webhooks:read; require_org_member; utilisateur connecté",";_dependency;get_current_user;get_current_user_any_consent_status;get_db;list_webhooks_endpoint;require_org_member","","4","tests/test_audit_extensions.py;tests/test_audit_phase4_webhooks_manager_gap.py;tests/test_p0_ssrf_outbound.py;tests/test_webhooks.py","TEST PRÉSENT MAIS NON EXÉCUTÉ dans cet audit (liaison par chemin littéral, heuristique)"
"POST","/organizations/{org_id}/webhooks","api/routers/webhooks.py","create_webhook_endpoint","Webhooks","permission org: webhooks:write; require_org_member; utilisateur connecté",";_dependency;create_webhook_endpoint;get_current_user;get_current_user_any_consent_status;get_db;require_org_member","","4","tests/test_audit_extensions.py;tests/test_audit_phase4_webhooks_manager_gap.py;tests/test_p0_ssrf_outbound.py;tests/test_webhooks.py","TEST PRÉSENT MAIS NON EXÉCUTÉ dans cet audit (liaison par chemin littéral, heuristique)"
"GET","/organizations/{org_id}/white-label","api/routers/white_label.py","get_white_label_route","white-label","require_org_member; require_org_owner; utilisateur connecté",";get_current_user;get_current_user_any_consent_status;get_db;get_white_label_route;require_org_member;require_org_owner","","1","tests/test_white_label.py","TEST PRÉSENT MAIS NON EXÉCUTÉ dans cet audit (liaison par chemin littéral, heuristique)"
"PATCH","/organizations/{org_id}/white-label","api/routers/white_label.py","update_white_label_route","white-label","require_org_member; require_org_owner; utilisateur connecté",";get_current_user;get_current_user_any_consent_status;get_db;require_org_member;require_org_owner;update_white_label_route","","1","tests/test_white_label.py","TEST PRÉSENT MAIS NON EXÉCUTÉ dans cet audit (liaison par chemin littéral, heuristique)"
"GET","/organizations/{org_id}/whitelabel/config","api/routers/white_label.py","get_whitelabel_config_route","white-label","permission org: settings:read; require_org_member; utilisateur connecté",";_dependency;get_current_user;get_current_user_any_consent_status;get_db;get_whitelabel_config_route;require_org_member","","1","tests/backend/whitelabel/test_whitelabel_config.py","TEST PRÉSENT MAIS NON EXÉCUTÉ dans cet audit (liaison par chemin littéral, heuristique)"
"PATCH","/organizations/{org_id}/whitelabel/config","api/routers/white_label.py","update_whitelabel_config_route","white-label","permission org: settings:manage; require_org_member; utilisateur connecté",";_dependency;get_current_user;get_current_user_any_consent_status;get_db;require_org_member;update_whitelabel_config_route","","1","tests/backend/whitelabel/test_whitelabel_config.py","TEST PRÉSENT MAIS NON EXÉCUTÉ dans cet audit (liaison par chemin littéral, heuristique)"
"DELETE","/organizations/{org_id}/whitelabel/domain","api/routers/white_label.py","remove_whitelabel_domain_route","white-label","permission org: settings:manage; require_org_member; utilisateur connecté",";_dependency;get_current_user;get_current_user_any_consent_status;get_db;remove_whitelabel_domain_route;require_org_member","","1","tests/backend/whitelabel/test_domain.py","TEST PRÉSENT MAIS NON EXÉCUTÉ dans cet audit (liaison par chemin littéral, heuristique)"
"POST","/organizations/{org_id}/whitelabel/domain","api/routers/white_label.py","set_whitelabel_domain_route","white-label","permission org: settings:manage; require_org_member; utilisateur connecté",";_dependency;get_current_user;get_current_user_any_consent_status;get_db;require_org_member;set_whitelabel_domain_route","","1","tests/backend/whitelabel/test_domain.py","TEST PRÉSENT MAIS NON EXÉCUTÉ dans cet audit (liaison par chemin littéral, heuristique)"
"POST","/organizations/{org_id}/whitelabel/domain/verify","api/routers/white_label.py","verify_whitelabel_domain_route","white-label","permission org: settings:manage; require_org_member; utilisateur connecté",";_dependency;get_current_user;get_current_user_any_consent_status;get_db;require_org_member;verify_whitelabel_domain_route","","1","tests/backend/whitelabel/test_domain.py","TEST PRÉSENT MAIS NON EXÉCUTÉ dans cet audit (liaison par chemin littéral, heuristique)"
"DELETE","/organizations/{org_id}/whitelabel/email","api/routers/white_label.py","remove_whitelabel_email_route","white-label","permission org: settings:manage; require_org_member; utilisateur connecté",";_dependency;get_current_user;get_current_user_any_consent_status;get_db;remove_whitelabel_email_route;require_org_member","","1","tests/backend/whitelabel/test_email.py","TEST PRÉSENT MAIS NON EXÉCUTÉ dans cet audit (liaison par chemin littéral, heuristique)"
"POST","/organizations/{org_id}/whitelabel/email","api/routers/white_label.py","configure_whitelabel_email_route","white-label","permission org: settings:manage; require_org_member; utilisateur connecté",";_dependency;configure_whitelabel_email_route;get_current_user;get_current_user_any_consent_status;get_db;require_org_member","","1","tests/backend/whitelabel/test_email.py","TEST PRÉSENT MAIS NON EXÉCUTÉ dans cet audit (liaison par chemin littéral, heuristique)"
"POST","/organizations/{org_id}/whitelabel/favicon","api/routers/white_label.py","upload_whitelabel_favicon_route","white-label","permission org: settings:manage; require_org_member; utilisateur connecté",";_dependency;get_current_user;get_current_user_any_consent_status;get_db;require_org_member;upload_whitelabel_favicon_route","","1","tests/backend/whitelabel/test_logo.py","TEST PRÉSENT MAIS NON EXÉCUTÉ dans cet audit (liaison par chemin littéral, heuristique)"
"DELETE","/organizations/{org_id}/whitelabel/logo","api/routers/white_label.py","remove_whitelabel_logo_route","white-label","permission org: settings:manage; require_org_member; utilisateur connecté",";_dependency;get_current_user;get_current_user_any_consent_status;get_db;remove_whitelabel_logo_route;require_org_member","","1","tests/backend/whitelabel/test_logo.py","TEST PRÉSENT MAIS NON EXÉCUTÉ dans cet audit (liaison par chemin littéral, heuristique)"
"POST","/organizations/{org_id}/whitelabel/logo","api/routers/white_label.py","upload_whitelabel_logo_route","white-label","permission org: settings:manage; require_org_member; utilisateur connecté",";_dependency;get_current_user;get_current_user_any_consent_status;get_db;require_org_member;upload_whitelabel_logo_route","","1","tests/backend/whitelabel/test_logo.py","TEST PRÉSENT MAIS NON EXÉCUTÉ dans cet audit (liaison par chemin littéral, heuristique)"
"GET","/organizations/{org_id}/whitelabel/preview","api/routers/white_label.py","get_whitelabel_preview_route","white-label","permission org: settings:read; require_org_member; utilisateur connecté",";_dependency;get_current_user;get_current_user_any_consent_status;get_db;get_whitelabel_preview_route;require_org_member","","1","tests/backend/whitelabel/test_whitelabel_config.py","TEST PRÉSENT MAIS NON EXÉCUTÉ dans cet audit (liaison par chemin littéral, heuristique)"
"POST","/organizations/{org_id}/whitelabel/reset","api/routers/white_label.py","reset_whitelabel_route","white-label","permission org: settings:manage; require_org_member; utilisateur connecté",";_dependency;get_current_user;get_current_user_any_consent_status;get_db;require_org_member;reset_whitelabel_route","","1","tests/backend/whitelabel/test_whitelabel_config.py","TEST PRÉSENT MAIS NON EXÉCUTÉ dans cet audit (liaison par chemin littéral, heuristique)"
"PATCH","/organizations/{org_id}/widget/agent","api/routers/widget.py","set_widget_agent_endpoint","Widget","permission org: widget:write; require_org_member; utilisateur connecté",";_dependency;get_current_user;get_current_user_any_consent_status;get_db;require_org_member;set_widget_agent_endpoint","","2","tests/test_widget.py;tests/test_widget_domain_allowlist.py","TEST PRÉSENT MAIS NON EXÉCUTÉ dans cet audit (liaison par chemin littéral, heuristique)"
"DELETE","/organizations/{org_id}/widget/avatar","api/routers/widget.py","delete_widget_avatar_endpoint","Widget","permission org: widget:delete; require_org_member; utilisateur connecté",";_dependency;delete_widget_avatar_endpoint;get_current_user;get_current_user_any_consent_status;get_db;require_org_member","","1","tests/test_widget.py","TEST PRÉSENT MAIS NON EXÉCUTÉ dans cet audit (liaison par chemin littéral, heuristique)"
"POST","/organizations/{org_id}/widget/avatar","api/routers/widget.py","upload_widget_avatar_endpoint","Widget","permission org: widget:write; require_org_member; utilisateur connecté",";_dependency;get_current_user;get_current_user_any_consent_status;get_db;require_org_member;upload_widget_avatar_endpoint","","1","tests/test_widget.py","TEST PRÉSENT MAIS NON EXÉCUTÉ dans cet audit (liaison par chemin littéral, heuristique)"
"PATCH","/organizations/{org_id}/widget/avatar/default","api/routers/widget.py","reset_widget_avatar_endpoint","Widget","permission org: widget:write; require_org_member; utilisateur connecté",";_dependency;get_current_user;get_current_user_any_consent_status;get_db;require_org_member;reset_widget_avatar_endpoint","","0","","AUCUN TEST TROUVÉ PAR L'HEURISTIQUE"
"GET","/organizations/{org_id}/widget/config","api/routers/widget.py","get_widget_config_admin_endpoint","Widget","permission org: widget:read; require_org_member; utilisateur connecté",";_dependency;get_current_user;get_current_user_any_consent_status;get_db;get_widget_config_admin_endpoint;require_org_member","","1","tests/test_widget.py","TEST PRÉSENT MAIS NON EXÉCUTÉ dans cet audit (liaison par chemin littéral, heuristique)"
"PATCH","/organizations/{org_id}/widget/config","api/routers/widget.py","update_widget_colors_endpoint","Widget","permission org: widget:write; require_org_member; utilisateur connecté",";_dependency;get_current_user;get_current_user_any_consent_status;get_db;require_org_member;update_widget_colors_endpoint","","1","tests/test_widget.py","TEST PRÉSENT MAIS NON EXÉCUTÉ dans cet audit (liaison par chemin littéral, heuristique)"
"PATCH","/organizations/{org_id}/widget/config/name","api/routers/widget.py","update_widget_name_endpoint","Widget","permission org: widget:write; require_org_member; utilisateur connecté",";_dependency;get_current_user;get_current_user_any_consent_status;get_db;require_org_member;update_widget_name_endpoint","","1","tests/test_widget.py","TEST PRÉSENT MAIS NON EXÉCUTÉ dans cet audit (liaison par chemin littéral, heuristique)"
"GET","/organizations/{org_id}/widget/domains","api/routers/widget.py","get_widget_domains_endpoint","Widget","permission org: widget:read; require_org_member; utilisateur connecté",";_dependency;get_current_user;get_current_user_any_consent_status;get_db;get_widget_domains_endpoint;require_org_member","","1","tests/test_widget_domain_allowlist.py","TEST PRÉSENT MAIS NON EXÉCUTÉ dans cet audit (liaison par chemin littéral, heuristique)"
"PATCH","/organizations/{org_id}/widget/domains","api/routers/widget.py","update_widget_domains_endpoint","Widget","permission org: widget:write; require_org_member; utilisateur connecté",";_dependency;get_current_user;get_current_user_any_consent_status;get_db;require_org_member;update_widget_domains_endpoint","","1","tests/test_widget_domain_allowlist.py","TEST PRÉSENT MAIS NON EXÉCUTÉ dans cet audit (liaison par chemin littéral, heuristique)"
"PATCH","/organizations/{org_id}/widget/language","api/routers/widget.py","update_widget_language_endpoint","Widget","permission org: widget:write; require_org_member; utilisateur connecté",";_dependency;get_current_user;get_current_user_any_consent_status;get_db;require_org_member;update_widget_language_endpoint","","1","tests/test_widget.py","TEST PRÉSENT MAIS NON EXÉCUTÉ dans cet audit (liaison par chemin littéral, heuristique)"
"DELETE","/organizations/{org_id}/widget/logo","api/routers/widget.py","delete_widget_logo_endpoint","Widget","permission org: widget:delete; require_org_member; utilisateur connecté",";_dependency;delete_widget_logo_endpoint;get_current_user;get_current_user_any_consent_status;get_db;require_org_member","","1","tests/test_widget.py","TEST PRÉSENT MAIS NON EXÉCUTÉ dans cet audit (liaison par chemin littéral, heuristique)"
"POST","/organizations/{org_id}/widget/logo","api/routers/widget.py","upload_widget_logo_endpoint","Widget","permission org: widget:write; require_org_member; utilisateur connecté",";_dependency;get_current_user;get_current_user_any_consent_status;get_db;require_org_member;upload_widget_logo_endpoint","","1","tests/test_widget.py","TEST PRÉSENT MAIS NON EXÉCUTÉ dans cet audit (liaison par chemin littéral, heuristique)"
"PATCH","/organizations/{org_id}/widget/position","api/routers/widget.py","update_widget_position_endpoint","Widget","permission org: widget:write; require_org_member; utilisateur connecté",";_dependency;get_current_user;get_current_user_any_consent_status;get_db;require_org_member;update_widget_position_endpoint","","1","tests/test_widget.py","TEST PRÉSENT MAIS NON EXÉCUTÉ dans cet audit (liaison par chemin littéral, heuristique)"
"POST","/organizations/{org_id}/widget/suggested-questions","api/routers/widget.py","add_suggested_question_endpoint","Widget","permission org: widget:write; require_org_member; utilisateur connecté",";_dependency;add_suggested_question_endpoint;get_current_user;get_current_user_any_consent_status;get_db;require_org_member","","1","tests/test_widget.py","TEST PRÉSENT MAIS NON EXÉCUTÉ dans cet audit (liaison par chemin littéral, heuristique)"
"GET","/organizations/{org_id}/widget/suggested-questions/admin","api/routers/widget.py","list_suggested_questions_admin_endpoint","Widget","permission org: widget:read; require_org_member; utilisateur connecté",";_dependency;get_current_user;get_current_user_any_consent_status;get_db;list_suggested_questions_admin_endpoint;require_org_member","","1","tests/test_widget.py","TEST PRÉSENT MAIS NON EXÉCUTÉ dans cet audit (liaison par chemin littéral, heuristique)"
"PATCH","/organizations/{org_id}/widget/suggested-questions/reorder","api/routers/widget.py","reorder_suggested_questions_endpoint","Widget","permission org: widget:write; require_org_member; utilisateur connecté",";_dependency;get_current_user;get_current_user_any_consent_status;get_db;reorder_suggested_questions_endpoint;require_org_member","","1","tests/test_widget.py","TEST PRÉSENT MAIS NON EXÉCUTÉ dans cet audit (liaison par chemin littéral, heuristique)"
"DELETE","/organizations/{org_id}/widget/suggested-questions/{question_id}","api/routers/widget.py","delete_suggested_question_endpoint","Widget","permission org: widget:delete; require_org_member; utilisateur connecté",";_dependency;delete_suggested_question_endpoint;get_current_user;get_current_user_any_consent_status;get_db;require_org_member","","1","tests/test_widget.py","TEST PRÉSENT MAIS NON EXÉCUTÉ dans cet audit (liaison par chemin littéral, heuristique)"
"PATCH","/organizations/{org_id}/widget/suggested-questions/{question_id}","api/routers/widget.py","update_suggested_question_endpoint","Widget","permission org: widget:write; require_org_member; utilisateur connecté",";_dependency;get_current_user;get_current_user_any_consent_status;get_db;require_org_member;update_suggested_question_endpoint","","1","tests/test_widget.py","TEST PRÉSENT MAIS NON EXÉCUTÉ dans cet audit (liaison par chemin littéral, heuristique)"
"PATCH","/organizations/{org_id}/widget/theme","api/routers/widget.py","update_widget_theme_endpoint","Widget","permission org: widget:write; require_org_member; utilisateur connecté",";_dependency;get_current_user;get_current_user_any_consent_status;get_db;require_org_member;update_widget_theme_endpoint","","1","tests/test_widget.py","TEST PRÉSENT MAIS NON EXÉCUTÉ dans cet audit (liaison par chemin littéral, heuristique)"
"POST","/organizations/{org_id}/widget/theme/reset","api/routers/widget.py","reset_widget_theme_endpoint","Widget","permission org: widget:write; require_org_member; utilisateur connecté",";_dependency;get_current_user;get_current_user_any_consent_status;get_db;require_org_member;reset_widget_theme_endpoint","","1","tests/test_widget.py","TEST PRÉSENT MAIS NON EXÉCUTÉ dans cet audit (liaison par chemin littéral, heuristique)"
"PATCH","/organizations/{org_id}/widget/welcome","api/routers/widget.py","update_widget_welcome_endpoint","Widget","permission org: widget:write; require_org_member; utilisateur connecté",";_dependency;get_current_user;get_current_user_any_consent_status;get_db;require_org_member;update_widget_welcome_endpoint","","1","tests/test_widget.py","TEST PRÉSENT MAIS NON EXÉCUTÉ dans cet audit (liaison par chemin littéral, heuristique)"
"POST","/organizations/{org_id}/widget/welcome/reset","api/routers/widget.py","reset_widget_welcome_endpoint","Widget","permission org: widget:write; require_org_member; utilisateur connecté",";_dependency;get_current_user;get_current_user_any_consent_status;get_db;require_org_member;reset_widget_welcome_endpoint","","1","tests/test_widget.py","TEST PRÉSENT MAIS NON EXÉCUTÉ dans cet audit (liaison par chemin littéral, heuristique)"
"GET","/organizations/{org_id}/workflows","api/routers/workflows.py","list_workflows_endpoint","workflows","require_org_manager; require_org_member; utilisateur connecté",";get_current_user;get_current_user_any_consent_status;get_db;list_workflows_endpoint;require_org_manager;require_org_member","","4","tests/test_workflow_block_human.py;tests/test_workflow_triggers.py;tests/test_workflow_versions.py;tests/test_workflows.py","TEST PRÉSENT MAIS NON EXÉCUTÉ dans cet audit (liaison par chemin littéral, heuristique)"
"POST","/organizations/{org_id}/workflows","api/routers/workflows.py","create_workflow_endpoint","workflows","require_org_manager; require_org_member; utilisateur connecté",";create_workflow_endpoint;get_current_user;get_current_user_any_consent_status;get_db;require_org_manager;require_org_member","","4","tests/test_workflow_block_human.py;tests/test_workflow_triggers.py;tests/test_workflow_versions.py;tests/test_workflows.py","TEST PRÉSENT MAIS NON EXÉCUTÉ dans cet audit (liaison par chemin littéral, heuristique)"
"POST","/organizations/{org_id}/workflows/import","api/routers/workflows.py","import_workflow_endpoint","workflows","require_org_manager; require_org_member; utilisateur connecté",";get_current_user;get_current_user_any_consent_status;get_db;import_workflow_endpoint;require_org_manager;require_org_member","","1","tests/test_workflows.py","TEST PRÉSENT MAIS NON EXÉCUTÉ dans cet audit (liaison par chemin littéral, heuristique)"
"GET","/organizations/{org_id}/workspaces","api/routers/workspaces.py","list_workspaces","workspaces","permission org: settings:read; require_org_member; utilisateur connecté",";_dependency;get_current_user;get_current_user_any_consent_status;get_db;list_workspaces;require_org_member","","6","tests/test_documents.py;tests/test_quotas.py;tests/test_resource_permissions.py;tests/test_usage.py","TEST PRÉSENT MAIS NON EXÉCUTÉ dans cet audit (liaison par chemin littéral, heuristique)"
"POST","/organizations/{org_id}/workspaces","api/routers/workspaces.py","create_workspace","workspaces","require_org_manager; require_org_member; utilisateur connecté",";_check;create_workspace;get_current_user;get_current_user_any_consent_status;get_db;require_org_manager;require_org_member","","6","tests/test_documents.py;tests/test_quotas.py;tests/test_resource_permissions.py;tests/test_usage.py","TEST PRÉSENT MAIS NON EXÉCUTÉ dans cet audit (liaison par chemin littéral, heuristique)"
"POST","/partners/commissions/{commission_id}/pay","api/routers/sales.py","pay_partner_commission_endpoint","Sales","SUPERADMIN; utilisateur connecté",";get_current_user;get_current_user_any_consent_status;get_db;pay_partner_commission_endpoint;require_superadmin","","1","tests/test_sales_models.py","TEST PRÉSENT MAIS NON EXÉCUTÉ dans cet audit (liaison par chemin littéral, heuristique)"
"GET","/partners/me","api/routers/sales.py","get_my_partner_profile_endpoint","Sales","utilisateur connecté",";get_current_user;get_current_user_any_consent_status;get_db;get_my_partner_profile_endpoint","","1","tests/test_sales_models.py","TEST PRÉSENT MAIS NON EXÉCUTÉ dans cet audit (liaison par chemin littéral, heuristique)"
"GET","/partners/me/clients","api/routers/sales.py","list_my_partner_clients_endpoint","Sales","utilisateur connecté",";get_current_user;get_current_user_any_consent_status;get_db;list_my_partner_clients_endpoint","","1","tests/test_sales_models.py","TEST PRÉSENT MAIS NON EXÉCUTÉ dans cet audit (liaison par chemin littéral, heuristique)"
"GET","/partners/me/commissions","api/routers/sales.py","list_my_partner_commissions_endpoint","Sales","utilisateur connecté",";get_current_user;get_current_user_any_consent_status;get_db;list_my_partner_commissions_endpoint","","1","tests/test_sales_models.py","TEST PRÉSENT MAIS NON EXÉCUTÉ dans cet audit (liaison par chemin littéral, heuristique)"
"POST","/partners/register","api/routers/sales.py","register_partner_endpoint","Sales","AUCUNE DÉPENDANCE D'AUTH DÉTECTÉE (public ou auth interne à vérifier)","get_db;register_partner_endpoint","","2","tests/test_no_unhandled_errors_sweep.py;tests/test_sales_models.py","TEST PRÉSENT MAIS NON EXÉCUTÉ dans cet audit (liaison par chemin littéral, heuristique)"
"GET","/partners/{reseller_id}/commissions","api/routers/sales.py","list_partner_commissions_endpoint","Sales","SUPERADMIN; utilisateur connecté",";get_current_user;get_current_user_any_consent_status;get_db;list_partner_commissions_endpoint;require_superadmin","","1","tests/test_sales_models.py","TEST PRÉSENT MAIS NON EXÉCUTÉ dans cet audit (liaison par chemin littéral, heuristique)"
"GET","/prompt-comparisons/{comparison_id}","api/routers/comparison_jobs.py","get_prompt_comparison_endpoint","comparison-jobs","require_comparison_admin; utilisateur connecté",";get_current_user;get_current_user_any_consent_status;get_db;get_prompt_comparison_endpoint;require_comparison_admin","","0","","AUCUN TEST TROUVÉ PAR L'HEURISTIQUE"
"GET","/prompt-comparisons/{comparison_id}/results","api/routers/comparison_jobs.py","get_prompt_comparison_results_endpoint","comparison-jobs","require_comparison_admin; utilisateur connecté",";get_current_user;get_current_user_any_consent_status;get_db;get_prompt_comparison_results_endpoint;require_comparison_admin","","0","","AUCUN TEST TROUVÉ PAR L'HEURISTIQUE"
"DELETE","/questions/{question_id}","api/routers/evaluation_datasets.py","delete_question_endpoint","evaluation-datasets","require_question_admin; utilisateur connecté",";delete_question_endpoint;get_current_user;get_current_user_any_consent_status;get_db;require_question_admin","","4","tests/test_evaluation_idor.py;tests/test_evaluation_results_endpoints.py;tests/test_manual_evaluations_endpoints.py;tests/test_p2_ten009_no_500_on_unknown_ids.py","TEST PRÉSENT MAIS NON EXÉCUTÉ dans cet audit (liaison par chemin littéral, heuristique)"
"PATCH","/questions/{question_id}","api/routers/evaluation_datasets.py","update_question_endpoint","evaluation-datasets","require_question_admin; utilisateur connecté",";get_current_user;get_current_user_any_consent_status;get_db;require_question_admin;update_question_endpoint","","4","tests/test_evaluation_idor.py;tests/test_evaluation_results_endpoints.py;tests/test_manual_evaluations_endpoints.py;tests/test_p2_ten009_no_500_on_unknown_ids.py","TEST PRÉSENT MAIS NON EXÉCUTÉ dans cet audit (liaison par chemin littéral, heuristique)"
"POST","/questions/{question_id}/evaluate","api/routers/manual_evaluations.py","create_manual_evaluation_endpoint","manual-evaluations","require_question_member; utilisateur connecté",";create_manual_evaluation_endpoint;get_current_user;get_current_user_any_consent_status;get_db;require_question_member","","1","tests/test_manual_evaluations_endpoints.py","TEST PRÉSENT MAIS NON EXÉCUTÉ dans cet audit (liaison par chemin littéral, heuristique)"
"GET","/questions/{question_id}/evaluations","api/routers/manual_evaluations.py","list_manual_evaluations_endpoint","manual-evaluations","require_question_member; utilisateur connecté",";get_current_user;get_current_user_any_consent_status;get_db;list_manual_evaluations_endpoint;require_question_member","","0","","AUCUN TEST TROUVÉ PAR L'HEURISTIQUE"
"GET","/questions/{question_id}/evaluations/summary","api/routers/manual_evaluations.py","get_manual_evaluation_summary_endpoint","manual-evaluations","require_question_member; utilisateur connecté",";get_current_user;get_current_user_any_consent_status;get_db;get_manual_evaluation_summary_endpoint;require_question_member","","0","","AUCUN TEST TROUVÉ PAR L'HEURISTIQUE"
"POST","/questions/{question_id}/latency","api/routers/evaluation_results.py","measure_latency_endpoint","evaluation-results","require_question_admin; utilisateur connecté",";get_current_user;get_current_user_any_consent_status;get_db;measure_latency_endpoint;require_question_admin","","2","tests/test_evaluation_results_endpoints.py;tests/test_p2_ten009_no_500_on_unknown_ids.py","TEST PRÉSENT MAIS NON EXÉCUTÉ dans cet audit (liaison par chemin littéral, heuristique)"
"GET","/questions/{question_id}/results","api/routers/evaluation_results.py","get_evaluation_results_endpoint","evaluation-results","require_question_admin; utilisateur connecté",";get_current_user;get_current_user_any_consent_status;get_db;get_evaluation_results_endpoint;require_question_admin","","2","tests/test_evaluation_idor.py;tests/test_evaluation_results_endpoints.py","TEST PRÉSENT MAIS NON EXÉCUTÉ dans cet audit (liaison par chemin littéral, heuristique)"
"POST","/questions/{question_id}/run","api/routers/evaluation_results.py","run_evaluation_endpoint","evaluation-results","require_question_admin; utilisateur connecté",";get_current_user;get_current_user_any_consent_status;get_db;require_question_admin;run_evaluation_endpoint","","3","tests/test_evaluation_idor.py;tests/test_evaluation_results_endpoints.py;tests/test_p2_ten009_no_500_on_unknown_ids.py","TEST PRÉSENT MAIS NON EXÉCUTÉ dans cet audit (liaison par chemin littéral, heuristique)"
"GET","/r/{code}","api/routers/sales.py","referral_redirect_endpoint","Sales","AUCUNE DÉPENDANCE D'AUTH DÉTECTÉE (public ou auth interne à vérifier)","get_db;referral_redirect_endpoint","","2","tests/test_no_unhandled_errors_sweep.py;tests/test_sales_models.py","TEST PRÉSENT MAIS NON EXÉCUTÉ dans cet audit (liaison par chemin littéral, heuristique)"
"POST","/rbac/check","api/routers/rbac.py","check_permission_endpoint","RBAC","utilisateur connecté",";check_permission_endpoint;get_current_user;get_current_user_any_consent_status;get_db","","1","tests/test_rbac_custom.py","TEST PRÉSENT MAIS NON EXÉCUTÉ dans cet audit (liaison par chemin littéral, heuristique)"
"POST","/regressions/{regression_id}/resolve","api/routers/regression_detection.py","resolve_regression_endpoint","regression-detection","require_regression_admin; utilisateur connecté",";get_current_user;get_current_user_any_consent_status;get_db;require_regression_admin;resolve_regression_endpoint","","1","tests/test_regression_detection_endpoints.py","TEST PRÉSENT MAIS NON EXÉCUTÉ dans cet audit (liaison par chemin littéral, heuristique)"
"DELETE","/reindex-schedules/{schedule_id}","api/routers/reindex_schedules.py","delete_reindex_schedule_route","reindex-schedules","utilisateur connecté",";delete_reindex_schedule_route;get_current_user;get_current_user_any_consent_status;get_db","","1","tests/test_reindex_schedules.py","TEST PRÉSENT MAIS NON EXÉCUTÉ dans cet audit (liaison par chemin littéral, heuristique)"
"PATCH","/reindex-schedules/{schedule_id}","api/routers/reindex_schedules.py","update_reindex_schedule_route","reindex-schedules","utilisateur connecté",";get_current_user;get_current_user_any_consent_status;get_db;update_reindex_schedule_route","","1","tests/test_reindex_schedules.py","TEST PRÉSENT MAIS NON EXÉCUTÉ dans cet audit (liaison par chemin littéral, heuristique)"
"GET","/reranker-comparisons/{comparison_id}","api/routers/comparison_jobs.py","get_reranker_comparison_endpoint","comparison-jobs","require_comparison_admin; utilisateur connecté",";get_current_user;get_current_user_any_consent_status;get_db;get_reranker_comparison_endpoint;require_comparison_admin","","1","tests/test_comparison_jobs_endpoints.py","TEST PRÉSENT MAIS NON EXÉCUTÉ dans cet audit (liaison par chemin littéral, heuristique)"
"GET","/reranker-comparisons/{comparison_id}/results","api/routers/comparison_jobs.py","get_reranker_comparison_results_endpoint","comparison-jobs","require_comparison_admin; utilisateur connecté",";get_current_user;get_current_user_any_consent_status;get_db;get_reranker_comparison_results_endpoint;require_comparison_admin","","0","","AUCUN TEST TROUVÉ PAR L'HEURISTIQUE"
"POST","/reseller/create","api/routers/sales.py","create_reseller_endpoint","Sales","SUPERADMIN; utilisateur connecté",";create_reseller_endpoint;get_current_user;get_current_user_any_consent_status;get_db;require_superadmin","","1","tests/test_sales_models.py","TEST PRÉSENT MAIS NON EXÉCUTÉ dans cet audit (liaison par chemin littéral, heuristique)"
"GET","/reseller/{reseller_id}/clients","api/routers/sales.py","list_reseller_clients_endpoint","Sales","SUPERADMIN; utilisateur connecté",";get_current_user;get_current_user_any_consent_status;get_db;list_reseller_clients_endpoint;require_superadmin","","1","tests/test_sales_models.py","TEST PRÉSENT MAIS NON EXÉCUTÉ dans cet audit (liaison par chemin littéral, heuristique)"
"POST","/reseller/{reseller_id}/clients","api/routers/sales.py","add_sub_client_endpoint","Sales","SUPERADMIN; utilisateur connecté",";add_sub_client_endpoint;get_current_user;get_current_user_any_consent_status;get_db;require_superadmin","","1","tests/test_sales_models.py","TEST PRÉSENT MAIS NON EXÉCUTÉ dans cet audit (liaison par chemin littéral, heuristique)"
"GET","/reseller/{reseller_id}/commission","api/routers/sales.py","reseller_commission_endpoint","Sales","SUPERADMIN; utilisateur connecté",";get_current_user;get_current_user_any_consent_status;get_db;require_superadmin;reseller_commission_endpoint","","1","tests/test_sales_models.py","TEST PRÉSENT MAIS NON EXÉCUTÉ dans cet audit (liaison par chemin littéral, heuristique)"
"GET","/resources/{resource_type}/{resource_id}/permissions","api/routers/resource_permissions.py","list_resource_permissions","resource-permissions","utilisateur connecté",";get_current_user;get_current_user_any_consent_status;get_db;list_resource_permissions","","0","","AUCUN TEST TROUVÉ PAR L'HEURISTIQUE"
"POST","/resources/{resource_type}/{resource_id}/permissions","api/routers/resource_permissions.py","grant_permission","resource-permissions","utilisateur connecté",";get_current_user;get_current_user_any_consent_status;get_db;grant_permission","","0","","AUCUN TEST TROUVÉ PAR L'HEURISTIQUE"
"DELETE","/resources/{resource_type}/{resource_id}/permissions/{user_id}/{action}","api/routers/resource_permissions.py","revoke_permission","resource-permissions","utilisateur connecté",";get_current_user;get_current_user_any_consent_status;get_db;revoke_permission","","0","","AUCUN TEST TROUVÉ PAR L'HEURISTIQUE"
"GET","/responses/{response_id}","api/routers/citations.py","get_response_endpoint","citations","require_response_member; utilisateur connecté",";get_current_user;get_current_user_any_consent_status;get_db;get_response_endpoint;require_response_member","","3","tests/test_citations.py;tests/test_response_confidence.py;tests/test_response_detail_endpoint.py","TEST PRÉSENT MAIS NON EXÉCUTÉ dans cet audit (liaison par chemin littéral, heuristique)"
"GET","/responses/{response_id}/citations","api/routers/citations.py","list_citations_by_response_endpoint","citations","require_response_member; utilisateur connecté",";get_current_user;get_current_user_any_consent_status;get_db;list_citations_by_response_endpoint;require_response_member","","1","tests/test_citations.py","TEST PRÉSENT MAIS NON EXÉCUTÉ dans cet audit (liaison par chemin littéral, heuristique)"
"GET","/responses/{response_id}/confidence","api/routers/citations.py","get_response_confidence_endpoint","citations","require_response_member; utilisateur connecté",";get_current_user;get_current_user_any_consent_status;get_db;get_response_confidence_endpoint;require_response_member","","1","tests/test_response_confidence.py","TEST PRÉSENT MAIS NON EXÉCUTÉ dans cet audit (liaison par chemin littéral, heuristique)"
"GET","/responses/{response_id}/confidence/factors","api/routers/citations.py","get_response_confidence_factors_endpoint","citations","require_response_member; utilisateur connecté",";get_current_user;get_current_user_any_consent_status;get_db;get_response_confidence_factors_endpoint;require_response_member","","1","tests/test_response_confidence.py","TEST PRÉSENT MAIS NON EXÉCUTÉ dans cet audit (liaison par chemin littéral, heuristique)"
"GET","/responses/{response_id}/flight-recording","api/routers/citations.py","get_response_flight_recording_endpoint","citations","require_response_member; utilisateur connecté",";get_current_user;get_current_user_any_consent_status;get_db;get_response_flight_recording_endpoint;require_response_member","","1","tests/test_response_detail_endpoint.py","TEST PRÉSENT MAIS NON EXÉCUTÉ dans cet audit (liaison par chemin littéral, heuristique)"
"GET","/retriever-comparisons/{comparison_id}","api/routers/comparison_jobs.py","get_retriever_comparison_endpoint","comparison-jobs","require_comparison_admin; utilisateur connecté",";get_current_user;get_current_user_any_consent_status;get_db;get_retriever_comparison_endpoint;require_comparison_admin","","0","","AUCUN TEST TROUVÉ PAR L'HEURISTIQUE"
"GET","/retriever-comparisons/{comparison_id}/results","api/routers/comparison_jobs.py","get_retriever_comparison_results_endpoint","comparison-jobs","require_comparison_admin; utilisateur connecté",";get_current_user;get_current_user_any_consent_status;get_db;get_retriever_comparison_results_endpoint;require_comparison_admin","","0","","AUCUN TEST TROUVÉ PAR L'HEURISTIQUE"
"GET","/sessions","api/routers/sessions.py","list_sessions","sessions","AUCUNE DÉPENDANCE D'AUTH DÉTECTÉE (public ou auth interne à vérifier)",";get_current_user_any_consent_status;get_db;list_sessions","","8","tests/test_admin_users_management.py;tests/test_auth_api.py;tests/test_e2e_lifecycle.py;tests/test_jwt_key_rotation_integration.py","TEST PRÉSENT MAIS NON EXÉCUTÉ dans cet audit (liaison par chemin littéral, heuristique)"
"DELETE","/sessions/{session_id}","api/routers/sessions.py","revoke_session_by_id","sessions","AUCUNE DÉPENDANCE D'AUTH DÉTECTÉE (public ou auth interne à vérifier)",";get_current_user_any_consent_status;get_db;revoke_session_by_id","","5","tests/test_admin_users_management.py;tests/test_auth_api.py;tests/test_e2e_lifecycle.py;tests/test_p1_backoffice_and_suspension.py","TEST PRÉSENT MAIS NON EXÉCUTÉ dans cet audit (liaison par chemin littéral, heuristique)"
"DELETE","/sets/{set_id}","api/routers/question_sets.py","delete_question_set_endpoint","question-sets","require_question_set_admin; utilisateur connecté",";delete_question_set_endpoint;get_current_user;get_current_user_any_consent_status;get_db;require_question_set_admin","","2","tests/test_evaluation_comparisons_endpoints.py;tests/test_question_sets_endpoints.py","TEST PRÉSENT MAIS NON EXÉCUTÉ dans cet audit (liaison par chemin littéral, heuristique)"
"GET","/sets/{set_id}","api/routers/question_sets.py","get_question_set_endpoint","question-sets","require_question_set_admin; utilisateur connecté",";get_current_user;get_current_user_any_consent_status;get_db;get_question_set_endpoint;require_question_set_admin","","2","tests/test_evaluation_comparisons_endpoints.py;tests/test_question_sets_endpoints.py","TEST PRÉSENT MAIS NON EXÉCUTÉ dans cet audit (liaison par chemin littéral, heuristique)"
"PATCH","/sets/{set_id}","api/routers/question_sets.py","update_question_set_endpoint","question-sets","require_question_set_admin; utilisateur connecté",";get_current_user;get_current_user_any_consent_status;get_db;require_question_set_admin;update_question_set_endpoint","","2","tests/test_evaluation_comparisons_endpoints.py;tests/test_question_sets_endpoints.py","TEST PRÉSENT MAIS NON EXÉCUTÉ dans cet audit (liaison par chemin littéral, heuristique)"
"POST","/sets/{set_id}/ab-test","api/routers/evaluation_comparisons.py","run_ab_test_endpoint","evaluation-comparisons","require_question_set_admin; utilisateur connecté",";get_current_user;get_current_user_any_consent_status;get_db;require_question_set_admin;run_ab_test_endpoint","","1","tests/test_evaluation_comparisons_endpoints.py","TEST PRÉSENT MAIS NON EXÉCUTÉ dans cet audit (liaison par chemin littéral, heuristique)"
"POST","/sets/{set_id}/compare","api/routers/evaluation_comparisons.py","run_multi_model_comparison_endpoint","evaluation-comparisons","require_question_set_admin; utilisateur connecté",";get_current_user;get_current_user_any_consent_status;get_db;require_question_set_admin;run_multi_model_comparison_endpoint","","1","tests/test_evaluation_comparisons_endpoints.py","TEST PRÉSENT MAIS NON EXÉCUTÉ dans cet audit (liaison par chemin littéral, heuristique)"
"POST","/sets/{set_id}/duplicate","api/routers/question_sets.py","duplicate_question_set_endpoint","question-sets","require_question_set_admin; utilisateur connecté",";duplicate_question_set_endpoint;get_current_user;get_current_user_any_consent_status;get_db;require_question_set_admin","","1","tests/test_question_sets_endpoints.py","TEST PRÉSENT MAIS NON EXÉCUTÉ dans cet audit (liaison par chemin littéral, heuristique)"
"POST","/sets/{set_id}/questions","api/routers/question_sets.py","add_question_to_set_endpoint","question-sets","require_question_set_admin; utilisateur connecté",";add_question_to_set_endpoint;get_current_user;get_current_user_any_consent_status;get_db;require_question_set_admin","","2","tests/test_evaluation_comparisons_endpoints.py;tests/test_question_sets_endpoints.py","TEST PRÉSENT MAIS NON EXÉCUTÉ dans cet audit (liaison par chemin littéral, heuristique)"
"PATCH","/sets/{set_id}/questions/reorder","api/routers/question_sets.py","reorder_questions_endpoint","question-sets","require_question_set_admin; utilisateur connecté",";get_current_user;get_current_user_any_consent_status;get_db;reorder_questions_endpoint;require_question_set_admin","","1","tests/test_question_sets_endpoints.py","TEST PRÉSENT MAIS NON EXÉCUTÉ dans cet audit (liaison par chemin littéral, heuristique)"
"DELETE","/sets/{set_id}/questions/{question_id}","api/routers/question_sets.py","remove_question_from_set_endpoint","question-sets","require_question_set_admin; utilisateur connecté",";get_current_user;get_current_user_any_consent_status;get_db;remove_question_from_set_endpoint;require_question_set_admin","","0","","AUCUN TEST TROUVÉ PAR L'HEURISTIQUE"
"DELETE","/share/{token}","api/routers/conversation_shares.py","delete_share_link_endpoint","conversation-sharing","utilisateur connecté",";delete_share_link_endpoint;get_current_user;get_current_user_any_consent_status;get_db","","2","tests/test_conversation_sharing.py;tests/test_no_unhandled_errors_sweep.py","TEST PRÉSENT MAIS NON EXÉCUTÉ dans cet audit (liaison par chemin littéral, heuristique)"
"GET","/share/{token}","api/routers/conversation_shares.py","get_shared_conversation_endpoint","conversation-sharing","AUCUNE DÉPENDANCE D'AUTH DÉTECTÉE (public ou auth interne à vérifier)","get_db;get_shared_conversation_endpoint","","2","tests/test_conversation_sharing.py;tests/test_no_unhandled_errors_sweep.py","TEST PRÉSENT MAIS NON EXÉCUTÉ dans cet audit (liaison par chemin littéral, heuristique)"
"DELETE","/sources/{source_id}","api/routers/external_sources.py","delete_external_source_route","external-sources","utilisateur connecté",";delete_external_source_route;get_current_user;get_current_user_any_consent_status;get_db","","1","tests/test_external_sources.py","TEST PRÉSENT MAIS NON EXÉCUTÉ dans cet audit (liaison par chemin littéral, heuristique)"
"PATCH","/sources/{source_id}","api/routers/external_sources.py","update_external_source_route","external-sources","utilisateur connecté",";get_current_user;get_current_user_any_consent_status;get_db;update_external_source_route","","1","tests/test_external_sources.py","TEST PRÉSENT MAIS NON EXÉCUTÉ dans cet audit (liaison par chemin littéral, heuristique)"
"POST","/sources/{source_id}/sync","api/routers/external_sources.py","sync_external_source_route","external-sources","utilisateur connecté",";get_current_user;get_current_user_any_consent_status;get_db;sync_external_source_route","","1","tests/test_external_sources.py","TEST PRÉSENT MAIS NON EXÉCUTÉ dans cet audit (liaison par chemin littéral, heuristique)"
"DELETE","/tags/{tag_id}","api/routers/documents.py","delete_document_tag","documents","utilisateur connecté",";delete_document_tag;get_current_user;get_current_user_any_consent_status;get_db","","1","tests/test_documents.py","TEST PRÉSENT MAIS NON EXÉCUTÉ dans cet audit (liaison par chemin littéral, heuristique)"
"PATCH","/tags/{tag_id}","api/routers/documents.py","update_document_tag","documents","utilisateur connecté",";get_current_user;get_current_user_any_consent_status;get_db;update_document_tag","","1","tests/test_documents.py","TEST PRÉSENT MAIS NON EXÉCUTÉ dans cet audit (liaison par chemin littéral, heuristique)"
"DELETE","/teams/{team_id}","api/routers/teams.py","delete_team","teams","require_team_org_manager; utilisateur connecté",";delete_team;get_current_user;get_current_user_any_consent_status;get_db;require_team_org_manager","","1","tests/test_teams.py","TEST PRÉSENT MAIS NON EXÉCUTÉ dans cet audit (liaison par chemin littéral, heuristique)"
"GET","/teams/{team_id}","api/routers/teams.py","get_team","teams","require_team_member; utilisateur connecté",";get_current_user;get_current_user_any_consent_status;get_db;get_team;require_team_member","","1","tests/test_teams.py","TEST PRÉSENT MAIS NON EXÉCUTÉ dans cet audit (liaison par chemin littéral, heuristique)"
"PATCH","/teams/{team_id}","api/routers/teams.py","update_team","teams","require_team_org_manager; utilisateur connecté",";get_current_user;get_current_user_any_consent_status;get_db;require_team_org_manager;update_team","","1","tests/test_teams.py","TEST PRÉSENT MAIS NON EXÉCUTÉ dans cet audit (liaison par chemin littéral, heuristique)"
"GET","/teams/{team_id}/members","api/routers/teams.py","list_team_members","teams","require_team_member; utilisateur connecté",";get_current_user;get_current_user_any_consent_status;get_db;list_team_members;require_team_member","","1","tests/test_teams.py","TEST PRÉSENT MAIS NON EXÉCUTÉ dans cet audit (liaison par chemin littéral, heuristique)"
"POST","/teams/{team_id}/members","api/routers/teams.py","add_team_member","teams","require_team_admin; utilisateur connecté",";add_team_member;get_current_user;get_current_user_any_consent_status;get_db;require_team_admin","","1","tests/test_teams.py","TEST PRÉSENT MAIS NON EXÉCUTÉ dans cet audit (liaison par chemin littéral, heuristique)"
"DELETE","/teams/{team_id}/members/{user_id}","api/routers/teams.py","remove_team_member","teams","require_team_admin; utilisateur connecté",";get_current_user;get_current_user_any_consent_status;get_db;remove_team_member;require_team_admin","","1","tests/test_teams.py","TEST PRÉSENT MAIS NON EXÉCUTÉ dans cet audit (liaison par chemin littéral, heuristique)"
"PATCH","/teams/{team_id}/members/{user_id}","api/routers/teams.py","update_team_member_role","teams","require_team_admin; utilisateur connecté",";get_current_user;get_current_user_any_consent_status;get_db;require_team_admin;update_team_member_role","","1","tests/test_teams.py","TEST PRÉSENT MAIS NON EXÉCUTÉ dans cet audit (liaison par chemin littéral, heuristique)"
"DELETE","/thresholds/{threshold_id}","api/routers/regression_thresholds.py","delete_regression_threshold_endpoint","regression-thresholds","require_regression_threshold_admin; utilisateur connecté",";delete_regression_threshold_endpoint;get_current_user;get_current_user_any_consent_status;get_db;require_regression_threshold_admin","","1","tests/test_regression_thresholds_endpoints.py","TEST PRÉSENT MAIS NON EXÉCUTÉ dans cet audit (liaison par chemin littéral, heuristique)"
"GET","/thresholds/{threshold_id}","api/routers/regression_thresholds.py","get_regression_threshold_endpoint","regression-thresholds","require_regression_threshold_admin; utilisateur connecté",";get_current_user;get_current_user_any_consent_status;get_db;get_regression_threshold_endpoint;require_regression_threshold_admin","","1","tests/test_regression_thresholds_endpoints.py","TEST PRÉSENT MAIS NON EXÉCUTÉ dans cet audit (liaison par chemin littéral, heuristique)"
"PATCH","/thresholds/{threshold_id}","api/routers/regression_thresholds.py","update_regression_threshold_endpoint","regression-thresholds","require_regression_threshold_admin; utilisateur connecté",";get_current_user;get_current_user_any_consent_status;get_db;require_regression_threshold_admin;update_regression_threshold_endpoint","","1","tests/test_regression_thresholds_endpoints.py","TEST PRÉSENT MAIS NON EXÉCUTÉ dans cet audit (liaison par chemin littéral, heuristique)"
"GET","/tools/available","api/routers/agents.py","list_available_tools_endpoint","agents","utilisateur connecté",";get_current_user;get_current_user_any_consent_status;get_db;list_available_tools_endpoint","","1","tests/test_agent_tools.py","TEST PRÉSENT MAIS NON EXÉCUTÉ dans cet audit (liaison par chemin littéral, heuristique)"
"GET","/twilio/calls","api/routers/twilio.py","list_calls_endpoint","telephony","SUPERADMIN; utilisateur connecté",";get_current_user;get_current_user_any_consent_status;get_db;list_calls_endpoint;require_superadmin","","1","tests/test_p0_twilio_tenant_isolation.py","TEST PRÉSENT MAIS NON EXÉCUTÉ dans cet audit (liaison par chemin littéral, heuristique)"
"POST","/twilio/dtmf","api/routers/twilio.py","twilio_dtmf_endpoint","telephony","AUCUNE DÉPENDANCE D'AUTH DÉTECTÉE (public ou auth interne à vérifier)","get_db;twilio_dtmf_endpoint","","1","tests/test_no_unhandled_errors_sweep.py","TEST PRÉSENT MAIS NON EXÉCUTÉ dans cet audit (liaison par chemin littéral, heuristique)"
"POST","/twilio/incoming","api/routers/twilio.py","twilio_incoming_endpoint","telephony","AUCUNE DÉPENDANCE D'AUTH DÉTECTÉE (public ou auth interne à vérifier)","get_db;twilio_incoming_endpoint","","3","tests/test_no_unhandled_errors_sweep.py;tests/test_p0_twilio_tenant_isolation.py;tests/test_telephony.py","TEST PRÉSENT MAIS NON EXÉCUTÉ dans cet audit (liaison par chemin littéral, heuristique)"
"POST","/twilio/outbound","api/routers/twilio.py","twilio_outbound_endpoint","telephony","SUPERADMIN; utilisateur connecté",";get_current_user;get_current_user_any_consent_status;get_db;require_superadmin;twilio_outbound_endpoint","","1","tests/test_p0_twilio_tenant_isolation.py","TEST PRÉSENT MAIS NON EXÉCUTÉ dans cet audit (liaison par chemin littéral, heuristique)"
"POST","/twilio/speech","api/routers/twilio.py","twilio_speech_endpoint","telephony","AUCUNE DÉPENDANCE D'AUTH DÉTECTÉE (public ou auth interne à vérifier)","get_db;twilio_speech_endpoint","","1","tests/test_no_unhandled_errors_sweep.py","TEST PRÉSENT MAIS NON EXÉCUTÉ dans cet audit (liaison par chemin littéral, heuristique)"
"POST","/twilio/status","api/routers/twilio.py","twilio_status_endpoint","telephony","AUCUNE DÉPENDANCE D'AUTH DÉTECTÉE (public ou auth interne à vérifier)","get_db;twilio_status_endpoint","","1","tests/test_no_unhandled_errors_sweep.py","TEST PRÉSENT MAIS NON EXÉCUTÉ dans cet audit (liaison par chemin littéral, heuristique)"
"POST","/twilio/{call_sid}/end","api/routers/twilio.py","twilio_end_call_endpoint","telephony","SUPERADMIN; utilisateur connecté",";get_current_user;get_current_user_any_consent_status;get_db;require_superadmin;twilio_end_call_endpoint","","1","tests/test_p0_twilio_tenant_isolation.py","TEST PRÉSENT MAIS NON EXÉCUTÉ dans cet audit (liaison par chemin littéral, heuristique)"
"GET","/users/me/limits","api/routers/user_limits.py","get_my_limits","user-limits","utilisateur connecté",";get_current_user;get_current_user_any_consent_status;get_db;get_my_limits","","1","tests/test_user_limits.py","TEST PRÉSENT MAIS NON EXÉCUTÉ dans cet audit (liaison par chemin littéral, heuristique)"
"GET","/users/me/permissions","api/routers/resource_permissions.py","list_my_permissions","resource-permissions","utilisateur connecté",";get_current_user;get_current_user_any_consent_status;get_db;list_my_permissions","","1","tests/test_resource_permissions.py","TEST PRÉSENT MAIS NON EXÉCUTÉ dans cet audit (liaison par chemin littéral, heuristique)"
"GET","/users/me/voice-settings","api/routers/voice_settings.py","get_voice_settings_endpoint","voice-settings","utilisateur connecté",";get_current_user;get_current_user_any_consent_status;get_db;get_voice_settings_endpoint","","0","","AUCUN TEST TROUVÉ PAR L'HEURISTIQUE"
"PATCH","/users/me/voice-settings","api/routers/voice_settings.py","update_voice_settings_endpoint","voice-settings","utilisateur connecté",";get_current_user;get_current_user_any_consent_status;get_db;update_voice_settings_endpoint","","0","","AUCUN TEST TROUVÉ PAR L'HEURISTIQUE"
"POST","/users/me/voice-settings/reset","api/routers/voice_settings.py","reset_voice_settings_endpoint","voice-settings","utilisateur connecté",";get_current_user;get_current_user_any_consent_status;get_db;reset_voice_settings_endpoint","","0","","AUCUN TEST TROUVÉ PAR L'HEURISTIQUE"
"GET","/v1/agents","api/routers/public_api.py","public_agents_list_endpoint","Public API","clé API; require_organization_api_key","_check;get_db;public_agents_list_endpoint;require_organization_api_key","","3","tests/test_agent_idor.py;tests/test_no_unhandled_errors_sweep.py;tests/test_public_api.py","TEST PRÉSENT MAIS NON EXÉCUTÉ dans cet audit (liaison par chemin littéral, heuristique)"
"POST","/v1/agents/run","api/routers/public_api.py","public_agent_run_endpoint","Public API","clé API; require_organization_api_key","_check;get_db;public_agent_run_endpoint;require_organization_api_key","","3","tests/test_agent_idor.py;tests/test_no_unhandled_errors_sweep.py;tests/test_public_api.py","TEST PRÉSENT MAIS NON EXÉCUTÉ dans cet audit (liaison par chemin littéral, heuristique)"
"GET","/v1/analytics","api/routers/public_api.py","public_analytics_endpoint","Public API","clé API; require_organization_api_key","_check;get_db;public_analytics_endpoint;require_organization_api_key","","2","tests/test_no_unhandled_errors_sweep.py;tests/test_public_api.py","TEST PRÉSENT MAIS NON EXÉCUTÉ dans cet audit (liaison par chemin littéral, heuristique)"
"POST","/v1/chat","api/routers/public_api.py","public_chat_endpoint","Public API","clé API; require_organization_api_key","_check;get_db;public_chat_endpoint;require_organization_api_key","","4","tests/test_agent_idor.py;tests/test_no_unhandled_errors_sweep.py;tests/test_public_api.py;tests/test_widget.py","TEST PRÉSENT MAIS NON EXÉCUTÉ dans cet audit (liaison par chemin littéral, heuristique)"
"GET","/v1/conversations","api/routers/public_api.py","public_conversations_list_endpoint","Public API","clé API; require_organization_api_key","_check;get_db;public_conversations_list_endpoint;require_organization_api_key","","2","tests/test_no_unhandled_errors_sweep.py;tests/test_public_api.py","TEST PRÉSENT MAIS NON EXÉCUTÉ dans cet audit (liaison par chemin littéral, heuristique)"
"GET","/v1/documents","api/routers/public_api.py","public_documents_list_endpoint","Public API","clé API; require_organization_api_key","_check;get_db;public_documents_list_endpoint;require_organization_api_key","","2","tests/test_no_unhandled_errors_sweep.py;tests/test_public_api.py","TEST PRÉSENT MAIS NON EXÉCUTÉ dans cet audit (liaison par chemin littéral, heuristique)"
"POST","/v1/documents","api/routers/public_api.py","public_document_upload_endpoint","Public API","clé API; require_organization_api_key","_check;get_db;public_document_upload_endpoint;require_organization_api_key","","2","tests/test_no_unhandled_errors_sweep.py;tests/test_public_api.py","TEST PRÉSENT MAIS NON EXÉCUTÉ dans cet audit (liaison par chemin littéral, heuristique)"
"POST","/v1/embed","api/routers/public_api.py","public_embed_endpoint","Public API","clé API; require_organization_api_key","_check;get_db;public_embed_endpoint;require_organization_api_key","","3","tests/test_api_key_management.py;tests/test_no_unhandled_errors_sweep.py;tests/test_public_api.py","TEST PRÉSENT MAIS NON EXÉCUTÉ dans cet audit (liaison par chemin littéral, heuristique)"
"GET","/v1/knowledge-bases","api/routers/public_api.py","public_kb_list_endpoint","Public API","clé API; require_organization_api_key","_check;get_db;public_kb_list_endpoint;require_organization_api_key","","3","tests/test_no_unhandled_errors_sweep.py;tests/test_p1_backoffice_and_suspension.py;tests/test_public_api.py","TEST PRÉSENT MAIS NON EXÉCUTÉ dans cet audit (liaison par chemin littéral, heuristique)"
"POST","/v1/knowledge-bases","api/routers/public_api.py","public_kb_creation_endpoint","Public API","clé API; require_organization_api_key","_check;get_db;public_kb_creation_endpoint;require_organization_api_key","","3","tests/test_no_unhandled_errors_sweep.py;tests/test_p1_backoffice_and_suspension.py;tests/test_public_api.py","TEST PRÉSENT MAIS NON EXÉCUTÉ dans cet audit (liaison par chemin littéral, heuristique)"
"POST","/v1/search","api/routers/public_api.py","public_search_endpoint","Public API","clé API; require_organization_api_key","_check;get_db;public_search_endpoint;require_organization_api_key","","2","tests/test_no_unhandled_errors_sweep.py;tests/test_public_api.py","TEST PRÉSENT MAIS NON EXÉCUTÉ dans cet audit (liaison par chemin littéral, heuristique)"
"GET","/v1/usage","api/routers/public_api.py","public_usage_endpoint","Public API","clé API; require_organization_api_key","_check;get_db;public_usage_endpoint;require_organization_api_key","","2","tests/test_no_unhandled_errors_sweep.py;tests/test_public_api.py","TEST PRÉSENT MAIS NON EXÉCUTÉ dans cet audit (liaison par chemin littéral, heuristique)"
"GET","/versions/{version_id}","api/routers/benchmark_versions.py","get_benchmark_version_endpoint","benchmark-versions","require_benchmark_version_admin; utilisateur connecté",";get_benchmark_version_endpoint;get_current_user;get_current_user_any_consent_status;get_db;require_benchmark_version_admin","","2","tests/test_benchmark_versions_endpoints.py;tests/test_no_unhandled_errors_sweep.py","TEST PRÉSENT MAIS NON EXÉCUTÉ dans cet audit (liaison par chemin littéral, heuristique)"
"POST","/versions/{version_id}/compare/{other_version_id}","api/routers/benchmark_versions.py","compare_benchmark_versions_endpoint","benchmark-versions","require_benchmark_version_admin; utilisateur connecté",";compare_benchmark_versions_endpoint;get_current_user;get_current_user_any_consent_status;get_db;require_benchmark_version_admin","","1","tests/test_benchmark_versions_endpoints.py","TEST PRÉSENT MAIS NON EXÉCUTÉ dans cet audit (liaison par chemin littéral, heuristique)"
"DELETE","/voice-messages/{message_id}","api/routers/voice_messages.py","delete_voice_message_endpoint","voice-messages","utilisateur connecté",";delete_voice_message_endpoint;get_current_user;get_current_user_any_consent_status;get_db","","0","","AUCUN TEST TROUVÉ PAR L'HEURISTIQUE"
"GET","/voice-messages/{message_id}","api/routers/voice_messages.py","get_voice_message_endpoint","voice-messages","utilisateur connecté",";get_current_user;get_current_user_any_consent_status;get_db;get_voice_message_endpoint","","0","","AUCUN TEST TROUVÉ PAR L'HEURISTIQUE"
"GET","/voice-messages/{message_id}/audio","api/routers/voice_messages.py","get_voice_message_audio_endpoint","voice-messages","utilisateur connecté",";get_current_user;get_current_user_any_consent_status;get_db;get_voice_message_audio_endpoint","","0","","AUCUN TEST TROUVÉ PAR L'HEURISTIQUE"
"GET","/voice/elevenlabs/voices","api/routers/voice.py","list_elevenlabs_voices_endpoint","voice","utilisateur connecté",";get_current_user;get_current_user_any_consent_status;get_db;list_elevenlabs_voices_endpoint","","0","","AUCUN TEST TROUVÉ PAR L'HEURISTIQUE"
"POST","/voice/organizations/{org_id}/agent","api/routers/voice.py","voice_agent_endpoint","voice","permission org: documents:read; require_org_member; utilisateur connecté",";_dependency;get_current_user;get_current_user_any_consent_status;get_db;require_org_member;voice_agent_endpoint","","2","tests/test_p0_credits_no_free_response.py;tests/test_voice_agent.py","TEST PRÉSENT MAIS NON EXÉCUTÉ dans cet audit (liaison par chemin littéral, heuristique)"
"POST","/voice/organizations/{org_id}/chat","api/routers/voice.py","voice_chat_endpoint","voice","permission org: documents:write; require_org_member; utilisateur connecté",";_dependency;get_current_user;get_current_user_any_consent_status;get_db;require_org_member;voice_chat_endpoint","","0","","AUCUN TEST TROUVÉ PAR L'HEURISTIQUE"
"POST","/voice/stt","api/routers/voice.py","transcribe_speech_endpoint","voice","utilisateur connecté",";get_current_user;get_current_user_any_consent_status;get_db;transcribe_speech_endpoint","","0","","AUCUN TEST TROUVÉ PAR L'HEURISTIQUE"
"POST","/voice/tts","api/routers/voice.py","synthesize_speech_endpoint","voice","utilisateur connecté",";get_current_user;get_current_user_any_consent_status;get_db;synthesize_speech_endpoint","","0","","AUCUN TEST TROUVÉ PAR L'HEURISTIQUE"
"POST","/webhooks/{trigger_id}","api/routers/workflows.py","run_workflow_via_webhook_endpoint","workflows","AUCUNE DÉPENDANCE D'AUTH DÉTECTÉE (public ou auth interne à vérifier)","get_db;run_workflow_via_webhook_endpoint","","6","tests/test_audit_extensions.py;tests/test_no_unhandled_errors_sweep.py;tests/test_p0_ssrf_outbound.py;tests/test_webhooks.py","TEST PRÉSENT MAIS NON EXÉCUTÉ dans cet audit (liaison par chemin littéral, heuristique)"
"DELETE","/webhooks/{webhook_id}","api/routers/webhooks.py","delete_webhook_endpoint","Webhooks","utilisateur connecté",";_require_webhook_org_admin;delete_webhook_endpoint;get_current_user;get_current_user_any_consent_status;get_db","","6","tests/test_audit_extensions.py;tests/test_no_unhandled_errors_sweep.py;tests/test_p0_ssrf_outbound.py;tests/test_webhooks.py","TEST PRÉSENT MAIS NON EXÉCUTÉ dans cet audit (liaison par chemin littéral, heuristique)"
"GET","/webhooks/{webhook_id}","api/routers/webhooks.py","get_webhook_endpoint","Webhooks","utilisateur connecté",";_require_webhook_org_admin;get_current_user;get_current_user_any_consent_status;get_db;get_webhook_endpoint","","6","tests/test_audit_extensions.py;tests/test_no_unhandled_errors_sweep.py;tests/test_p0_ssrf_outbound.py;tests/test_webhooks.py","TEST PRÉSENT MAIS NON EXÉCUTÉ dans cet audit (liaison par chemin littéral, heuristique)"
"PATCH","/webhooks/{webhook_id}","api/routers/webhooks.py","update_webhook_endpoint","Webhooks","utilisateur connecté",";_require_webhook_org_admin;get_current_user;get_current_user_any_consent_status;get_db;update_webhook_endpoint","","6","tests/test_audit_extensions.py;tests/test_no_unhandled_errors_sweep.py;tests/test_p0_ssrf_outbound.py;tests/test_webhooks.py","TEST PRÉSENT MAIS NON EXÉCUTÉ dans cet audit (liaison par chemin littéral, heuristique)"
"GET","/webhooks/{webhook_id}/deliveries","api/routers/webhooks.py","list_webhook_deliveries_endpoint","Webhooks","utilisateur connecté",";_require_webhook_org_admin;get_current_user;get_current_user_any_consent_status;get_db;list_webhook_deliveries_endpoint","","0","","AUCUN TEST TROUVÉ PAR L'HEURISTIQUE"
"POST","/webhooks/{webhook_id}/test","api/routers/webhooks.py","test_webhook_endpoint","Webhooks","utilisateur connecté",";_require_webhook_org_admin;get_current_user;get_current_user_any_consent_status;get_db;test_webhook_endpoint","","1","tests/test_webhooks.py","TEST PRÉSENT MAIS NON EXÉCUTÉ dans cet audit (liaison par chemin littéral, heuristique)"
"GET","/widget/avatar","api/routers/widget.py","get_widget_avatar_endpoint","Widget","require_widget_public_key","get_db;get_widget_avatar_endpoint;require_widget_public_key","","2","tests/test_no_unhandled_errors_sweep.py;tests/test_widget.py","TEST PRÉSENT MAIS NON EXÉCUTÉ dans cet audit (liaison par chemin littéral, heuristique)"
"POST","/widget/chat","api/routers/widget.py","widget_chat_endpoint","Widget","require_widget_session","get_db;require_widget_session;widget_chat_endpoint","","3","tests/test_no_unhandled_errors_sweep.py;tests/test_widget.py;tests/test_widget_domain_allowlist.py","TEST PRÉSENT MAIS NON EXÉCUTÉ dans cet audit (liaison par chemin littéral, heuristique)"
"GET","/widget/chat.js","api/routers/widget.py","get_widget_chat_js","Widget","AUCUNE DÉPENDANCE D'AUTH DÉTECTÉE (public ou auth interne à vérifier)","get_widget_chat_js","","2","tests/test_no_unhandled_errors_sweep.py;tests/test_widget.py","TEST PRÉSENT MAIS NON EXÉCUTÉ dans cet audit (liaison par chemin littéral, heuristique)"
"GET","/widget/config","api/routers/widget.py","get_widget_config_endpoint","Widget","require_widget_public_key","get_db;get_widget_config_endpoint;require_widget_public_key","","2","tests/test_no_unhandled_errors_sweep.py;tests/test_widget.py","TEST PRÉSENT MAIS NON EXÉCUTÉ dans cet audit (liaison par chemin littéral, heuristique)"
"GET","/widget/embed.js","api/routers/widget.py","get_widget_script","Widget","AUCUNE DÉPENDANCE D'AUTH DÉTECTÉE (public ou auth interne à vérifier)","get_widget_script","","2","tests/test_no_unhandled_errors_sweep.py;tests/test_widget.py","TEST PRÉSENT MAIS NON EXÉCUTÉ dans cet audit (liaison par chemin littéral, heuristique)"
"GET","/widget/iframe","api/routers/widget.py","get_widget_iframe","Widget","require_widget_public_key","get_db;get_widget_iframe;require_widget_public_key","","3","tests/test_no_unhandled_errors_sweep.py;tests/test_widget.py;tests/test_widget_domain_allowlist.py","TEST PRÉSENT MAIS NON EXÉCUTÉ dans cet audit (liaison par chemin littéral, heuristique)"
"GET","/widget/language","api/routers/widget.py","get_widget_language_endpoint","Widget","require_widget_public_key","get_db;get_widget_language_endpoint;require_widget_public_key","","2","tests/test_no_unhandled_errors_sweep.py;tests/test_widget.py","TEST PRÉSENT MAIS NON EXÉCUTÉ dans cet audit (liaison par chemin littéral, heuristique)"
"GET","/widget/languages","api/routers/widget.py","get_widget_languages_endpoint","Widget","AUCUNE DÉPENDANCE D'AUTH DÉTECTÉE (public ou auth interne à vérifier)","get_widget_languages_endpoint","","2","tests/test_no_unhandled_errors_sweep.py;tests/test_widget.py","TEST PRÉSENT MAIS NON EXÉCUTÉ dans cet audit (liaison par chemin littéral, heuristique)"
"GET","/widget/logo","api/routers/widget.py","get_widget_logo_endpoint","Widget","require_widget_public_key","get_db;get_widget_logo_endpoint;require_widget_public_key","","2","tests/test_no_unhandled_errors_sweep.py;tests/test_widget.py","TEST PRÉSENT MAIS NON EXÉCUTÉ dans cet audit (liaison par chemin littéral, heuristique)"
"GET","/widget/position","api/routers/widget.py","get_widget_position_public_endpoint","Widget","require_widget_public_key","get_db;get_widget_position_public_endpoint;require_widget_public_key","","2","tests/test_no_unhandled_errors_sweep.py;tests/test_widget.py","TEST PRÉSENT MAIS NON EXÉCUTÉ dans cet audit (liaison par chemin littéral, heuristique)"
"GET","/widget/script.js","api/routers/widget.py","get_widget_script","Widget","AUCUNE DÉPENDANCE D'AUTH DÉTECTÉE (public ou auth interne à vérifier)","get_widget_script","","2","tests/test_no_unhandled_errors_sweep.py;tests/test_widget.py","TEST PRÉSENT MAIS NON EXÉCUTÉ dans cet audit (liaison par chemin littéral, heuristique)"
"POST","/widget/session","api/routers/widget.py","create_widget_session_endpoint","Widget","AUCUNE DÉPENDANCE D'AUTH DÉTECTÉE (public ou auth interne à vérifier)","create_widget_session_endpoint;get_db","","3","tests/test_no_unhandled_errors_sweep.py;tests/test_widget.py;tests/test_widget_domain_allowlist.py","TEST PRÉSENT MAIS NON EXÉCUTÉ dans cet audit (liaison par chemin littéral, heuristique)"
"GET","/widget/styles.css","api/routers/widget.py","get_widget_styles","Widget","AUCUNE DÉPENDANCE D'AUTH DÉTECTÉE (public ou auth interne à vérifier)","get_widget_styles","","1","tests/test_no_unhandled_errors_sweep.py","TEST PRÉSENT MAIS NON EXÉCUTÉ dans cet audit (liaison par chemin littéral, heuristique)"
"GET","/widget/suggested-questions","api/routers/widget.py","get_suggested_questions_endpoint","Widget","require_widget_public_key","get_db;get_suggested_questions_endpoint;require_widget_public_key","","2","tests/test_no_unhandled_errors_sweep.py;tests/test_widget.py","TEST PRÉSENT MAIS NON EXÉCUTÉ dans cet audit (liaison par chemin littéral, heuristique)"
"GET","/widget/theme","api/routers/widget.py","get_widget_theme_endpoint","Widget","require_widget_public_key","get_db;get_widget_theme_endpoint;require_widget_public_key","","2","tests/test_no_unhandled_errors_sweep.py;tests/test_widget.py","TEST PRÉSENT MAIS NON EXÉCUTÉ dans cet audit (liaison par chemin littéral, heuristique)"
"GET","/widget/welcome","api/routers/widget.py","get_widget_welcome_endpoint","Widget","require_widget_public_key","get_db;get_widget_welcome_endpoint;require_widget_public_key","","2","tests/test_no_unhandled_errors_sweep.py;tests/test_widget.py","TEST PRÉSENT MAIS NON EXÉCUTÉ dans cet audit (liaison par chemin littéral, heuristique)"
"GET","/workflows/runs/{run_id}","api/routers/workflows.py","get_workflow_run_endpoint","workflows","require_workflow_run_member; utilisateur connecté",";get_current_user;get_current_user_any_consent_status;get_db;get_workflow_run_endpoint;require_workflow_run_member","","3","tests/test_workflow_block_human.py;tests/test_workflow_idor.py;tests/test_workflows.py","TEST PRÉSENT MAIS NON EXÉCUTÉ dans cet audit (liaison par chemin littéral, heuristique)"
"GET","/workflows/runs/{run_id}/human-blocks","api/routers/workflows.py","list_human_blocks_endpoint","workflows","require_workflow_run_member; utilisateur connecté",";get_current_user;get_current_user_any_consent_status;get_db;list_human_blocks_endpoint;require_workflow_run_member","","2","tests/test_workflow_block_human.py;tests/test_workflow_idor.py","TEST PRÉSENT MAIS NON EXÉCUTÉ dans cet audit (liaison par chemin littéral, heuristique)"
"GET","/workflows/runs/{run_id}/human-blocks/{block_id}","api/routers/workflows.py","get_human_block_endpoint","workflows","require_workflow_run_member; utilisateur connecté",";get_current_user;get_current_user_any_consent_status;get_db;get_human_block_endpoint;require_workflow_run_member","","2","tests/test_workflow_block_human.py;tests/test_workflow_idor.py","TEST PRÉSENT MAIS NON EXÉCUTÉ dans cet audit (liaison par chemin littéral, heuristique)"
"POST","/workflows/runs/{run_id}/human-blocks/{block_id}/submit","api/routers/workflows.py","submit_human_block_endpoint","workflows","require_workflow_run_member; utilisateur connecté",";get_current_user;get_current_user_any_consent_status;get_db;require_workflow_run_member;submit_human_block_endpoint","","2","tests/test_workflow_block_human.py;tests/test_workflow_idor.py","TEST PRÉSENT MAIS NON EXÉCUTÉ dans cet audit (liaison par chemin littéral, heuristique)"
"GET","/workflows/runs/{run_id}/stream","api/routers/workflows.py","stream_workflow_run_endpoint","workflows","require_workflow_run_member; utilisateur connecté",";get_current_user;get_current_user_any_consent_status;get_db;require_workflow_run_member;stream_workflow_run_endpoint","","0","","AUCUN TEST TROUVÉ PAR L'HEURISTIQUE"
"GET","/workflows/runs/{run_id}/trace","api/routers/workflows.py","get_workflow_run_trace_endpoint","workflows","require_workflow_run_member; utilisateur connecté",";get_current_user;get_current_user_any_consent_status;get_db;get_workflow_run_trace_endpoint;require_workflow_run_member","","0","","AUCUN TEST TROUVÉ PAR L'HEURISTIQUE"
"DELETE","/workflows/{workflow_id}","api/routers/workflows.py","delete_workflow_endpoint","workflows","require_workflow_manager; utilisateur connecté",";delete_workflow_endpoint;get_current_user;get_current_user_any_consent_status;get_db;require_workflow_manager","","7","tests/test_p2_ten012_viewer_cannot_run_workflow.py;tests/test_staging_full_idor.py;tests/test_workflow_block_human.py;tests/test_workflow_idor.py","TEST PRÉSENT MAIS NON EXÉCUTÉ dans cet audit (liaison par chemin littéral, heuristique)"
"GET","/workflows/{workflow_id}","api/routers/workflows.py","get_workflow_endpoint","workflows","require_workflow_member; utilisateur connecté",";get_current_user;get_current_user_any_consent_status;get_db;get_workflow_endpoint;require_workflow_member","","7","tests/test_p2_ten012_viewer_cannot_run_workflow.py;tests/test_staging_full_idor.py;tests/test_workflow_block_human.py;tests/test_workflow_idor.py","TEST PRÉSENT MAIS NON EXÉCUTÉ dans cet audit (liaison par chemin littéral, heuristique)"
"PATCH","/workflows/{workflow_id}","api/routers/workflows.py","update_workflow_endpoint","workflows","require_workflow_manager; utilisateur connecté",";get_current_user;get_current_user_any_consent_status;get_db;require_workflow_manager;update_workflow_endpoint","","7","tests/test_p2_ten012_viewer_cannot_run_workflow.py;tests/test_staging_full_idor.py;tests/test_workflow_block_human.py;tests/test_workflow_idor.py","TEST PRÉSENT MAIS NON EXÉCUTÉ dans cet audit (liaison par chemin littéral, heuristique)"
"GET","/workflows/{workflow_id}/export","api/routers/workflows.py","export_workflow_endpoint","workflows","require_workflow_member; utilisateur connecté",";export_workflow_endpoint;get_current_user;get_current_user_any_consent_status;get_db;require_workflow_member","","1","tests/test_workflows.py","TEST PRÉSENT MAIS NON EXÉCUTÉ dans cet audit (liaison par chemin littéral, heuristique)"
"POST","/workflows/{workflow_id}/run","api/routers/workflows.py","run_workflow_manually_endpoint","workflows","require_workflow_runner; utilisateur connecté",";get_current_user;get_current_user_any_consent_status;get_db;require_workflow_runner;run_workflow_manually_endpoint","","5","tests/test_p2_ten012_viewer_cannot_run_workflow.py;tests/test_workflow_block_human.py;tests/test_workflow_idor.py;tests/test_workflow_triggers.py","TEST PRÉSENT MAIS NON EXÉCUTÉ dans cet audit (liaison par chemin littéral, heuristique)"
"GET","/workflows/{workflow_id}/runs","api/routers/workflows.py","list_workflow_runs_endpoint","workflows","require_workflow_member; utilisateur connecté",";get_current_user;get_current_user_any_consent_status;get_db;list_workflow_runs_endpoint;require_workflow_member","","1","tests/test_workflows.py","TEST PRÉSENT MAIS NON EXÉCUTÉ dans cet audit (liaison par chemin littéral, heuristique)"
"GET","/workflows/{workflow_id}/triggers","api/routers/workflows.py","list_triggers_endpoint","workflows","require_workflow_manager; utilisateur connecté",";get_current_user;get_current_user_any_consent_status;get_db;list_triggers_endpoint;require_workflow_manager","","2","tests/test_workflow_idor.py;tests/test_workflow_triggers.py","TEST PRÉSENT MAIS NON EXÉCUTÉ dans cet audit (liaison par chemin littéral, heuristique)"
"POST","/workflows/{workflow_id}/triggers","api/routers/workflows.py","create_trigger_endpoint","workflows","require_workflow_manager; utilisateur connecté",";create_trigger_endpoint;get_current_user;get_current_user_any_consent_status;get_db;require_workflow_manager","","2","tests/test_workflow_idor.py;tests/test_workflow_triggers.py","TEST PRÉSENT MAIS NON EXÉCUTÉ dans cet audit (liaison par chemin littéral, heuristique)"
"DELETE","/workflows/{workflow_id}/triggers/{trigger_id}","api/routers/workflows.py","delete_trigger_endpoint","workflows","require_workflow_manager; utilisateur connecté",";delete_trigger_endpoint;get_current_user;get_current_user_any_consent_status;get_db;require_workflow_manager","","1","tests/test_workflow_idor.py","TEST PRÉSENT MAIS NON EXÉCUTÉ dans cet audit (liaison par chemin littéral, heuristique)"
"POST","/workflows/{workflow_id}/validate","api/routers/workflows.py","validate_workflow_endpoint","workflows","require_workflow_manager; utilisateur connecté",";get_current_user;get_current_user_any_consent_status;get_db;require_workflow_manager;validate_workflow_endpoint","","1","tests/test_workflows.py","TEST PRÉSENT MAIS NON EXÉCUTÉ dans cet audit (liaison par chemin littéral, heuristique)"
"GET","/workflows/{workflow_id}/versions","api/routers/workflows.py","list_workflow_versions_endpoint","workflows","require_workflow_member; utilisateur connecté",";get_current_user;get_current_user_any_consent_status;get_db;list_workflow_versions_endpoint;require_workflow_member","","1","tests/test_workflow_versions.py","TEST PRÉSENT MAIS NON EXÉCUTÉ dans cet audit (liaison par chemin littéral, heuristique)"
"POST","/workflows/{workflow_id}/versions/create","api/routers/workflows.py","create_workflow_version_endpoint","workflows","require_workflow_manager; utilisateur connecté",";create_workflow_version_endpoint;get_current_user;get_current_user_any_consent_status;get_db;require_workflow_manager","","1","tests/test_workflow_versions.py","TEST PRÉSENT MAIS NON EXÉCUTÉ dans cet audit (liaison par chemin littéral, heuristique)"
"POST","/workflows/{workflow_id}/versions/diff","api/routers/workflows.py","diff_workflow_versions_endpoint","workflows","require_workflow_member; utilisateur connecté",";diff_workflow_versions_endpoint;get_current_user;get_current_user_any_consent_status;get_db;require_workflow_member","","1","tests/test_workflow_versions.py","TEST PRÉSENT MAIS NON EXÉCUTÉ dans cet audit (liaison par chemin littéral, heuristique)"
"POST","/workflows/{workflow_id}/versions/restore","api/routers/workflows.py","restore_workflow_version_endpoint","workflows","require_workflow_manager; utilisateur connecté",";get_current_user;get_current_user_any_consent_status;get_db;require_workflow_manager;restore_workflow_version_endpoint","","1","tests/test_workflow_versions.py","TEST PRÉSENT MAIS NON EXÉCUTÉ dans cet audit (liaison par chemin littéral, heuristique)"
"GET","/workflows/{workflow_id}/versions/{version_number}","api/routers/workflows.py","get_workflow_version_endpoint","workflows","require_workflow_member; utilisateur connecté",";get_current_user;get_current_user_any_consent_status;get_db;get_workflow_version_endpoint;require_workflow_member","","0","","AUCUN TEST TROUVÉ PAR L'HEURISTIQUE"
"DELETE","/workspaces/{workspace_id}","api/routers/workspaces.py","delete_workspace","workspaces","utilisateur connecté",";_check;delete_workspace;get_current_user;get_current_user_any_consent_status;get_db","","2","tests/test_resource_permissions.py;tests/test_workspaces.py","TEST PRÉSENT MAIS NON EXÉCUTÉ dans cet audit (liaison par chemin littéral, heuristique)"
"PATCH","/workspaces/{workspace_id}","api/routers/workspaces.py","update_workspace","workspaces","utilisateur connecté",";_check;get_current_user;get_current_user_any_consent_status;get_db;update_workspace","","2","tests/test_resource_permissions.py;tests/test_workspaces.py","TEST PRÉSENT MAIS NON EXÉCUTÉ dans cet audit (liaison par chemin littéral, heuristique)"
